<?xml version = '1.0' encoding = 'UTF-8'?>
<Table class="oracle.dbtools.crest.model.design.relational.Table" directorySegmentName="seg_0" id="14694059-928A-4A2A-F34D-DE45CB7503E1" name="BOOKING">
<createdBy>Vincent</createdBy>
<createdTime>2023-04-05 14:02:45 UTC</createdTime>
<generatorID>5FDCCDF9-9108-5012-CC29-F41AA50C365E</generatorID>
<ownerDesignName>mf_logical</ownerDesignName>
<allowColumnReorder>false</allowColumnReorder>
<existDependencyGenerateInDDl>true</existDependencyGenerateInDDl>
<parsed>true</parsed>
<columns itemClass="oracle.dbtools.crest.model.design.relational.Column">
<Column name="book_id" id="147875DE-02CB-E6BD-B3F7-481740A7A2CF">
<createdBy>Vincent</createdBy>
<createdTime>2023-04-05 14:02:45 UTC</createdTime>
<commentInRDBMS><![CDATA[Booking ID]]></commentInRDBMS>
<generatorID>3C5224EC-A9D8-FC5F-1F9B-FA52751476AB</generatorID>
<ownerDesignName>mf_logical</ownerDesignName>
<useDomainConstraints>false</useDomainConstraints>
<use>1</use>
<logicalDatatype>LOGDT019</logicalDatatype>
<dataTypePrecision>7</dataTypePrecision>
<ownDataTypeParameters>,7,</ownDataTypeParameters>
<autoIncrementCycle>false</autoIncrementCycle>
</Column>
<Column name="cust_id" id="022EFD80-A9AD-52A7-62C0-19BA057946F9">
<createdBy>Vincent</createdBy>
<createdTime>2023-04-05 14:02:45 UTC</createdTime>
<commentInRDBMS><![CDATA[Customer ID]]></commentInRDBMS>
<generatorID>FFE6F9AA-6FC9-08A1-C4BE-04414B3ED5D6</generatorID>
<ownerDesignName>mf_logical</ownerDesignName>
<useDomainConstraints>false</useDomainConstraints>
<use>1</use>
<logicalDatatype>LOGDT019</logicalDatatype>
<dataTypePrecision>7</dataTypePrecision>
<ownDataTypeParameters>,,</ownDataTypeParameters>
<previousColumn>false</previousColumn>
<autoIncrementCycle>false</autoIncrementCycle>
<associations>
<colAssociation fkAssociation="0F3DFD12-03D1-332C-B929-532858A3D15B" referredColumn="62B8C2EF-A80C-5412-A273-801622748AAD"/>
</associations>
</Column>
<Column name="book_start" id="E7522399-5948-A969-2DF8-C030813CA594">
<createdBy>Vincent</createdBy>
<createdTime>2023-04-05 14:02:45 UTC</createdTime>
<commentInRDBMS><![CDATA[Function start date and time for customer booking]]></commentInRDBMS>
<generatorID>B7F1ACA8-88EC-2C20-3BF3-AFFC335395FA</generatorID>
<ownerDesignName>mf_logical</ownerDesignName>
<useDomainConstraints>false</useDomainConstraints>
<use>1</use>
<logicalDatatype>LOGDT007</logicalDatatype>
<ownDataTypeParameters>,,</ownDataTypeParameters>
<autoIncrementCycle>false</autoIncrementCycle>
</Column>
<Column name="book_end" id="DDC22723-2848-3714-C2C5-271D4CE74487">
<createdBy>Vincent</createdBy>
<createdTime>2023-04-05 14:02:45 UTC</createdTime>
<commentInRDBMS><![CDATA[Function end date and time for customer booking]]></commentInRDBMS>
<generatorID>10E71B99-5800-9AD8-0DE6-F0D1914B8ED4</generatorID>
<ownerDesignName>mf_logical</ownerDesignName>
<useDomainConstraints>false</useDomainConstraints>
<use>1</use>
<logicalDatatype>LOGDT007</logicalDatatype>
<ownDataTypeParameters>,,</ownDataTypeParameters>
<autoIncrementCycle>false</autoIncrementCycle>
</Column>
<Column name="book_guestnum" id="0E51F2E1-095D-A812-58AE-CC93E2A8C27B">
<createdBy>Vincent</createdBy>
<createdTime>2023-04-05 14:02:45 UTC</createdTime>
<commentInRDBMS><![CDATA[Number of guests in the function for customer booking]]></commentInRDBMS>
<generatorID>816FB6C5-DEA0-971B-7433-EE5796D9665C</generatorID>
<ownerDesignName>mf_logical</ownerDesignName>
<useDomainConstraints>false</useDomainConstraints>
<use>1</use>
<logicalDatatype>LOGDT019</logicalDatatype>
<dataTypePrecision>3</dataTypePrecision>
<ownDataTypeParameters>,3,</ownDataTypeParameters>
<autoIncrementCycle>false</autoIncrementCycle>
</Column>
<Column name="book_baserate" id="6E9A9F1D-4883-232C-89FD-638994314915">
<createdBy>Vincent</createdBy>
<createdTime>2023-04-05 14:02:45 UTC</createdTime>
<commentInRDBMS><![CDATA[Base rate per customer for the function]]></commentInRDBMS>
<generatorID>F516CE2B-1491-B882-1E5E-F007775DD211</generatorID>
<ownerDesignName>mf_logical</ownerDesignName>
<useDomainConstraints>false</useDomainConstraints>
<use>1</use>
<logicalDatatype>LOGDT019</logicalDatatype>
<dataTypePrecision>4</dataTypePrecision>
<dataTypeScale>2</dataTypeScale>
<ownDataTypeParameters>,4,2</ownDataTypeParameters>
<autoIncrementCycle>false</autoIncrementCycle>
</Column>
<Column name="book_total" id="A12D560D-66B3-8EE4-9A00-32BCE820FDD3">
<createdBy>Vincent</createdBy>
<createdTime>2023-04-05 14:02:45 UTC</createdTime>
<commentInRDBMS><![CDATA[Total cost for customer booking]]></commentInRDBMS>
<generatorID>030CD4A0-DEEB-8647-138E-62E1375DCEBF</generatorID>
<ownerDesignName>mf_logical</ownerDesignName>
<useDomainConstraints>false</useDomainConstraints>
<use>1</use>
<logicalDatatype>LOGDT019</logicalDatatype>
<dataTypePrecision>6</dataTypePrecision>
<dataTypeScale>2</dataTypeScale>
<ownDataTypeParameters>,6,2</ownDataTypeParameters>
<autoIncrementCycle>false</autoIncrementCycle>
</Column>
<Column name="book_deco" id="EF61008A-26AC-9B9F-9452-D8DA7E13B190">
<createdBy>Vincent</createdBy>
<createdTime>2023-04-05 14:02:45 UTC</createdTime>
<commentInRDBMS><![CDATA[Decoration theme for the function]]></commentInRDBMS>
<generatorID>5B2BB34F-9548-EF08-6A93-0EA6EDF1C542</generatorID>
<ownerDesignName>mf_logical</ownerDesignName>
<nullsAllowed>true</nullsAllowed>
<useDomainConstraints>false</useDomainConstraints>
<use>1</use>
<logicalDatatype>LOGDT025</logicalDatatype>
<dataTypeSize>3</dataTypeSize>
<listOfValues>
<valueDef value="ALL" description="For All Occasions"/>
<valueDef value="BDY" description="Birthday"/>
<valueDef value="KID" description="Kids"/>
<valueDef value="OUT" description="Outdoor"/>
<valueDef value="WED" description="Wedding"/>
</listOfValues>
<ownDataTypeParameters>3,,</ownDataTypeParameters>
<autoIncrementCycle>false</autoIncrementCycle>
</Column>
<Column name="cuis_type" id="AB7918AB-143B-E1EA-FB06-4856A2925508">
<createdBy>Vincent</createdBy>
<createdTime>2023-04-05 14:02:45 UTC</createdTime>
<commentInRDBMS><![CDATA[Cuisine type]]></commentInRDBMS>
<generatorID>A6C32F80-5B00-62BE-2988-A6620B976584</generatorID>
<ownerDesignName>mf_logical</ownerDesignName>
<nullsAllowed>true</nullsAllowed>
<useDomainConstraints>false</useDomainConstraints>
<use>1</use>
<logicalDatatype>LOGDT025</logicalDatatype>
<dataTypeSize>3</dataTypeSize>
<listOfValues>
<valueDef value="CHN" description="Chinese"/>
<valueDef value="IND" description="Indian"/>
<valueDef value="JAP" description="Japanese"/>
<valueDef value="WES" description="Western"/>
</listOfValues>
<ownDataTypeParameters>,,</ownDataTypeParameters>
<previousColumn>false</previousColumn>
<autoIncrementCycle>false</autoIncrementCycle>
<associations>
<colAssociation fkAssociation="60DBD94F-41BC-A4FA-0FA1-E40A4374CECC" referredColumn="B5C6E634-51AE-7348-2E6B-34B51F20605E"/>
</associations>
</Column>
<Column name="room_id" id="88E14E29-1272-7EB5-9444-9F4C92A3C02E">
<createdBy>Vincent</createdBy>
<createdTime>2023-04-05 14:02:45 UTC</createdTime>
<commentInRDBMS><![CDATA[Room ID]]></commentInRDBMS>
<generatorID>922D4B3C-4DB6-202C-6CBC-2B194C9F66CE</generatorID>
<ownerDesignName>mf_logical</ownerDesignName>
<nullsAllowed>true</nullsAllowed>
<useDomainConstraints>false</useDomainConstraints>
<use>1</use>
<logicalDatatype>LOGDT019</logicalDatatype>
<dataTypePrecision>7</dataTypePrecision>
<ownDataTypeParameters>,,</ownDataTypeParameters>
<previousColumn>false</previousColumn>
<autoIncrementCycle>false</autoIncrementCycle>
<associations>
<colAssociation fkAssociation="AE770065-8BF1-C32C-4A1D-242E3CC75804" referredColumn="DF6376CB-C05C-0678-462C-F9B2FAEC3051"/>
</associations>
</Column>
</columns>
<indexes itemClass="oracle.dbtools.crest.model.design.relational.Index">
<ind_PK_UK id="7764D2A5-3DE6-B94F-428A-60906E79888A" name="BOOKING_PK">
<createdBy>Vincent</createdBy>
<createdTime>2023-04-05 14:02:45 UTC</createdTime>
<generatorID>56940E2D-74FD-6C4A-6A6E-FBB35237CEE1</generatorID>
<ownerDesignName>mf_logical</ownerDesignName>
<pk>true</pk>
<indexState>Primary Constraint</indexState>
<isSurrogateKey>false</isSurrogateKey>
<indexColumnUsage>
<colUsage columnID="147875DE-02CB-E6BD-B3F7-481740A7A2CF"/>
</indexColumnUsage>
</ind_PK_UK>
<ind_PK_UK id="F9C1515C-F53A-BB73-F967-3CE186294D8F" name="BOOKING_NATURAL_KEY">
<createdBy>Vincent</createdBy>
<createdTime>2023-04-05 14:02:45 UTC</createdTime>
<generatorID>F0B10028-1C0E-8D69-4441-D359E8004C11</generatorID>
<ownerDesignName>mf_logical</ownerDesignName>
<indexState>Unique Constraint</indexState>
<isSurrogateKey>false</isSurrogateKey>
<indexColumnUsage>
<colUsage columnID="E7522399-5948-A969-2DF8-C030813CA594"/>
<colUsage columnID="022EFD80-A9AD-52A7-62C0-19BA057946F9"/>
</indexColumnUsage>
</ind_PK_UK>
<ind_PK_UK id="9DF12078-6A6A-DA50-777B-B776A34B3D1B" name="BOOKING_FUNCTIONROOM">
<createdBy>Vincent</createdBy>
<createdTime>2023-04-05 14:02:45 UTC</createdTime>
<generatorID>236A6EF6-9D54-3C19-864F-B6BA31D0FA2E</generatorID>
<ownerDesignName>mf_logical</ownerDesignName>
<indexState>Foreign Key</indexState>
<isSurrogateKey>false</isSurrogateKey>
<indexColumnUsage>
<colUsage columnID="88E14E29-1272-7EB5-9444-9F4C92A3C02E"/>
</indexColumnUsage>
</ind_PK_UK>
<ind_PK_UK id="3C6D19CE-2433-E3F6-5748-A863875888EC" name="CUISINE_BOOKING">
<createdBy>Vincent</createdBy>
<createdTime>2023-04-05 14:02:45 UTC</createdTime>
<generatorID>14D31D62-5214-4B01-9C34-6C63AD0EBEA4</generatorID>
<ownerDesignName>mf_logical</ownerDesignName>
<indexState>Foreign Key</indexState>
<isSurrogateKey>false</isSurrogateKey>
<indexColumnUsage>
<colUsage columnID="AB7918AB-143B-E1EA-FB06-4856A2925508"/>
</indexColumnUsage>
</ind_PK_UK>
<ind_PK_UK id="08F18324-84A4-9953-E75D-8D10C7027914" name="CUSTOMER_BOOKING">
<createdBy>Vincent</createdBy>
<createdTime>2023-04-05 14:02:45 UTC</createdTime>
<generatorID>CB80509E-4F0A-2702-9628-E9D574243858</generatorID>
<ownerDesignName>mf_logical</ownerDesignName>
<indexState>Foreign Key</indexState>
<isSurrogateKey>false</isSurrogateKey>
<indexColumnUsage>
<colUsage columnID="022EFD80-A9AD-52A7-62C0-19BA057946F9"/>
</indexColumnUsage>
</ind_PK_UK>
</indexes>
</Table>
