<?xml version = '1.0' encoding = 'UTF-8'?>
<Table class="oracle.dbtools.crest.model.design.relational.Table" directorySegmentName="seg_0" id="20F780CD-BB5C-3559-042A-096097E54837" name="CUISINE">
<createdBy>Vincent</createdBy>
<createdTime>2023-04-05 14:02:45 UTC</createdTime>
<generatorID>8419DF64-3157-8A13-792A-07D33AB91B40</generatorID>
<ownerDesignName>mf_logical</ownerDesignName>
<allowColumnReorder>false</allowColumnReorder>
<existDependencyGenerateInDDl>true</existDependencyGenerateInDDl>
<parsed>true</parsed>
<columns itemClass="oracle.dbtools.crest.model.design.relational.Column">
<Column name="cuis_type" id="B5C6E634-51AE-7348-2E6B-34B51F20605E">
<createdBy>Vincent</createdBy>
<createdTime>2023-04-05 14:02:45 UTC</createdTime>
<commentInRDBMS><![CDATA[Cuisine type]]></commentInRDBMS>
<generatorID>8A6A6AF2-EA1C-24A0-A36B-091CF11F57EA</generatorID>
<ownerDesignName>mf_logical</ownerDesignName>
<useDomainConstraints>false</useDomainConstraints>
<use>1</use>
<logicalDatatype>LOGDT025</logicalDatatype>
<dataTypeSize>3</dataTypeSize>
<listOfValues>
<valueDef value="CHN" description="Chinese Cuisine"/>
<valueDef value="IND" description="Indian Cuisine"/>
<valueDef value="JAP" description="Japanese Cuisine"/>
<valueDef value="WES" description="Western Cuisine"/>
</listOfValues>
<ownDataTypeParameters>3,,</ownDataTypeParameters>
<autoIncrementCycle>false</autoIncrementCycle>
</Column>
<Column name="cuis_rate" id="8C8CA8EE-077E-2468-57AE-E8A33372DEDB">
<createdBy>Vincent</createdBy>
<createdTime>2023-04-05 14:02:45 UTC</createdTime>
<commentInRDBMS><![CDATA[Cuisine rate per customer]]></commentInRDBMS>
<generatorID>F2370C10-FC61-4E8F-1C01-A338D0370360</generatorID>
<ownerDesignName>mf_logical</ownerDesignName>
<useDomainConstraints>false</useDomainConstraints>
<use>1</use>
<logicalDatatype>LOGDT019</logicalDatatype>
<dataTypePrecision>3</dataTypePrecision>
<ownDataTypeParameters>,3,</ownDataTypeParameters>
<autoIncrementCycle>false</autoIncrementCycle>
</Column>
</columns>
<indexes itemClass="oracle.dbtools.crest.model.design.relational.Index">
<ind_PK_UK id="AA00933C-C68E-FF5C-56FA-7CE41DE4DAE5" name="CUISINE_PK">
<createdBy>Vincent</createdBy>
<createdTime>2023-04-05 14:02:45 UTC</createdTime>
<generatorID>284365FF-3EB0-2A5C-5214-0F477F9DBE11</generatorID>
<ownerDesignName>mf_logical</ownerDesignName>
<pk>true</pk>
<indexState>Primary Constraint</indexState>
<isSurrogateKey>false</isSurrogateKey>
<indexColumnUsage>
<colUsage columnID="B5C6E634-51AE-7348-2E6B-34B51F20605E"/>
</indexColumnUsage>
</ind_PK_UK>
</indexes>
</Table>
