<?xml version = '1.0' encoding = 'UTF-8'?>
<Table class="oracle.dbtools.crest.model.design.relational.Table" directorySegmentName="seg_0" id="222137F9-E1A4-009D-FD63-2DE978956F0A" name="MAINTENANCE">
<createdBy>Vincent</createdBy>
<createdTime>2023-04-05 14:02:45 UTC</createdTime>
<generatorID>7D4E60CA-82ED-473B-AE5D-A3BF6EE6B807</generatorID>
<ownerDesignName>mf_logical</ownerDesignName>
<allowColumnReorder>false</allowColumnReorder>
<existDependencyGenerateInDDl>true</existDependencyGenerateInDDl>
<parsed>true</parsed>
<columns itemClass="oracle.dbtools.crest.model.design.relational.Column">
<Column name="maint_id" id="90A156A1-9ED0-6648-3368-58C964930153">
<createdBy>Vincent</createdBy>
<createdTime>2023-04-05 14:02:45 UTC</createdTime>
<commentInRDBMS><![CDATA[Maintenance ID]]></commentInRDBMS>
<generatorID>6CCB38A2-21F0-1AFB-0E47-54C181DD0F2F</generatorID>
<ownerDesignName>mf_logical</ownerDesignName>
<useDomainConstraints>false</useDomainConstraints>
<use>1</use>
<logicalDatatype>LOGDT019</logicalDatatype>
<dataTypePrecision>7</dataTypePrecision>
<ownDataTypeParameters>,7,</ownDataTypeParameters>
<autoIncrementCycle>false</autoIncrementCycle>
</Column>
<Column name="room_id" id="303FEE6E-2E86-6FA9-7FEF-F4E2EF4BFB98">
<createdBy>Vincent</createdBy>
<createdTime>2023-04-05 14:02:45 UTC</createdTime>
<commentInRDBMS><![CDATA[Room ID]]></commentInRDBMS>
<generatorID>BD7B97F1-CC88-109A-C6EC-32CF3CCDCFBE</generatorID>
<ownerDesignName>mf_logical</ownerDesignName>
<useDomainConstraints>false</useDomainConstraints>
<use>1</use>
<logicalDatatype>LOGDT019</logicalDatatype>
<dataTypePrecision>7</dataTypePrecision>
<ownDataTypeParameters>,,</ownDataTypeParameters>
<previousColumn>false</previousColumn>
<autoIncrementCycle>false</autoIncrementCycle>
<associations>
<colAssociation fkAssociation="74E6CCC3-0AED-76E0-5F72-CA804FA5749B" referredColumn="DF6376CB-C05C-0678-462C-F9B2FAEC3051"/>
</associations>
</Column>
<Column name="maint_datetime" id="83D57A6B-1850-3D7B-0878-E961238AAD43">
<createdBy>Vincent</createdBy>
<createdTime>2023-04-05 14:02:45 UTC</createdTime>
<commentInRDBMS><![CDATA[Maintenance date and time]]></commentInRDBMS>
<generatorID>8D5094E3-3E33-AEE7-C16D-3266329AD57B</generatorID>
<ownerDesignName>mf_logical</ownerDesignName>
<useDomainConstraints>false</useDomainConstraints>
<use>1</use>
<logicalDatatype>LOGDT007</logicalDatatype>
<ownDataTypeParameters>,,</ownDataTypeParameters>
<autoIncrementCycle>false</autoIncrementCycle>
</Column>
<Column name="re_id" id="BDFC05B3-B8F0-8753-4E6C-FF5660CFE1DA">
<createdBy>Vincent</createdBy>
<createdTime>2023-04-05 14:02:45 UTC</createdTime>
<commentInRDBMS><![CDATA[Evaluation ID]]></commentInRDBMS>
<generatorID>1FE01568-3732-AFD6-D591-DC54CBB09A2D</generatorID>
<ownerDesignName>mf_logical</ownerDesignName>
<useDomainConstraints>false</useDomainConstraints>
<use>1</use>
<logicalDatatype>LOGDT019</logicalDatatype>
<dataTypePrecision>7</dataTypePrecision>
<ownDataTypeParameters>,,</ownDataTypeParameters>
<previousColumn>false</previousColumn>
<autoIncrementCycle>false</autoIncrementCycle>
<associations>
<colAssociation fkAssociation="C1B4008A-62B2-F195-D37C-13A9540F8B22" referredColumn="656C402D-C655-175E-EDD8-5D6BF2080569"/>
</associations>
</Column>
</columns>
<indexes itemClass="oracle.dbtools.crest.model.design.relational.Index">
<ind_PK_UK id="85BD29AD-DD9A-B767-DEAB-51294A548705" name="MAINTENANCE_PK">
<createdBy>Vincent</createdBy>
<createdTime>2023-04-05 14:02:45 UTC</createdTime>
<generatorID>C20F6470-C4D8-2BC2-0492-6A7A22682299</generatorID>
<ownerDesignName>mf_logical</ownerDesignName>
<pk>true</pk>
<indexState>Primary Constraint</indexState>
<isSurrogateKey>false</isSurrogateKey>
<indexColumnUsage>
<colUsage columnID="90A156A1-9ED0-6648-3368-58C964930153"/>
</indexColumnUsage>
</ind_PK_UK>
<ind_PK_UK id="790B9655-53C2-BDDA-B05E-962FCFF99639" name="MAINTENANCE_NATURAL_KEY">
<createdBy>Vincent</createdBy>
<createdTime>2023-04-05 14:02:45 UTC</createdTime>
<generatorID>08525AC5-1CCB-7A54-05D5-0222687C11E0</generatorID>
<ownerDesignName>mf_logical</ownerDesignName>
<indexState>Unique Constraint</indexState>
<isSurrogateKey>false</isSurrogateKey>
<indexColumnUsage>
<colUsage columnID="303FEE6E-2E86-6FA9-7FEF-F4E2EF4BFB98"/>
<colUsage columnID="83D57A6B-1850-3D7B-0878-E961238AAD43"/>
</indexColumnUsage>
</ind_PK_UK>
<ind_PK_UK id="8DAA1FB0-4C33-D967-CC55-3305796D80D3" name="MAINTENANCE__IDX">
<createdBy>Vincent</createdBy>
<createdTime>2023-04-05 14:02:45 UTC</createdTime>
<ownerDesignName>mf_logical</ownerDesignName>
<indexState>Unique Plain Index</indexState>
<isSurrogateKey>false</isSurrogateKey>
<relationGeneratorID>82F4E683-F430-DB96-AFC8-B0D2D411871B</relationGeneratorID>
<indexColumnUsage>
<colUsage columnID="BDFC05B3-B8F0-8753-4E6C-FF5660CFE1DA"/>
</indexColumnUsage>
</ind_PK_UK>
<ind_PK_UK id="41B0419C-413A-D8B9-7FA5-EF96A0820D85" name="FROOM_MAINTENANCE">
<createdBy>Vincent</createdBy>
<createdTime>2023-04-05 14:02:45 UTC</createdTime>
<generatorID>5AF99C10-0934-DE03-02A3-14231D1DF696</generatorID>
<ownerDesignName>mf_logical</ownerDesignName>
<indexState>Foreign Key</indexState>
<isSurrogateKey>false</isSurrogateKey>
<indexColumnUsage>
<colUsage columnID="303FEE6E-2E86-6FA9-7FEF-F4E2EF4BFB98"/>
</indexColumnUsage>
</ind_PK_UK>
<ind_PK_UK id="19D2A50F-C5D2-F685-A2A3-4944510671C1" name="ROOMEVAL_MAINTENANCE">
<createdBy>Vincent</createdBy>
<createdTime>2023-04-05 14:02:45 UTC</createdTime>
<generatorID>82F4E683-F430-DB96-AFC8-B0D2D411871B</generatorID>
<ownerDesignName>mf_logical</ownerDesignName>
<indexState>Foreign Key</indexState>
<isSurrogateKey>false</isSurrogateKey>
<indexColumnUsage>
<colUsage columnID="BDFC05B3-B8F0-8753-4E6C-FF5660CFE1DA"/>
</indexColumnUsage>
</ind_PK_UK>
</indexes>
</Table>
