<?xml version = '1.0' encoding = 'UTF-8'?>
<Table class="oracle.dbtools.crest.model.design.relational.Table" directorySegmentName="seg_0" id="74B009AD-338E-293D-D7F5-19D1ABFD2526" name="PAYMENT">
<createdBy>Vincent</createdBy>
<createdTime>2023-04-05 14:02:45 UTC</createdTime>
<generatorID>7F9DB407-38FB-0353-728B-8B0AF3FC8DC5</generatorID>
<ownerDesignName>mf_logical</ownerDesignName>
<allowColumnReorder>false</allowColumnReorder>
<existDependencyGenerateInDDl>true</existDependencyGenerateInDDl>
<parsed>true</parsed>
<columns itemClass="oracle.dbtools.crest.model.design.relational.Column">
<Column name="pay_no" id="2F8BA1CD-2C73-9189-4F51-896798D64F9C">
<createdBy>Vincent</createdBy>
<createdTime>2023-04-05 14:02:45 UTC</createdTime>
<commentInRDBMS><![CDATA[Payment number]]></commentInRDBMS>
<generatorID>B5257F3C-B1EE-A35F-E26D-576D912EA42F</generatorID>
<ownerDesignName>mf_logical</ownerDesignName>
<useDomainConstraints>false</useDomainConstraints>
<use>1</use>
<logicalDatatype>LOGDT019</logicalDatatype>
<dataTypePrecision>10</dataTypePrecision>
<ownDataTypeParameters>,10,</ownDataTypeParameters>
<autoIncrementCycle>false</autoIncrementCycle>
</Column>
<Column name="cust_id" id="ED323A72-6367-9B25-5EE7-0366A9E0E07F">
<createdBy>Vincent</createdBy>
<createdTime>2023-04-05 14:02:45 UTC</createdTime>
<commentInRDBMS><![CDATA[Customer ID]]></commentInRDBMS>
<generatorID>74915164-929F-52E9-0E7C-2914378B3C84</generatorID>
<ownerDesignName>mf_logical</ownerDesignName>
<useDomainConstraints>false</useDomainConstraints>
<use>1</use>
<logicalDatatype>LOGDT019</logicalDatatype>
<dataTypePrecision>7</dataTypePrecision>
<ownDataTypeParameters>,,</ownDataTypeParameters>
<previousColumn>false</previousColumn>
<autoIncrementCycle>false</autoIncrementCycle>
<associations>
<colAssociation fkAssociation="4517BF83-02DE-4EC6-B5EE-C95B7A5B5958" referredColumn="62B8C2EF-A80C-5412-A273-801622748AAD"/>
</associations>
</Column>
<Column name="book_id" id="AE69138E-47BE-2BF3-1280-27CD2B9B34E4">
<createdBy>Vincent</createdBy>
<createdTime>2023-04-05 14:02:45 UTC</createdTime>
<commentInRDBMS><![CDATA[Booking ID]]></commentInRDBMS>
<generatorID>C5B40D01-E825-05DB-B83E-7A73F0B01EFB</generatorID>
<ownerDesignName>mf_logical</ownerDesignName>
<useDomainConstraints>false</useDomainConstraints>
<use>1</use>
<logicalDatatype>LOGDT019</logicalDatatype>
<dataTypePrecision>7</dataTypePrecision>
<ownDataTypeParameters>,,</ownDataTypeParameters>
<previousColumn>false</previousColumn>
<autoIncrementCycle>false</autoIncrementCycle>
<associations>
<colAssociation fkAssociation="0A1BC809-2B68-6EE7-379F-DC6D205A9702" referredColumn="147875DE-02CB-E6BD-B3F7-481740A7A2CF"/>
</associations>
</Column>
<Column name="pay_date" id="8AFB1675-8132-6E55-28EF-0E349CF935C5">
<createdBy>Vincent</createdBy>
<createdTime>2023-04-05 14:02:45 UTC</createdTime>
<commentInRDBMS><![CDATA[Payment date]]></commentInRDBMS>
<generatorID>D4125DEB-C72B-B667-7FC9-46FCF3487A26</generatorID>
<ownerDesignName>mf_logical</ownerDesignName>
<useDomainConstraints>false</useDomainConstraints>
<use>1</use>
<logicalDatatype>LOGDT007</logicalDatatype>
<ownDataTypeParameters>,,</ownDataTypeParameters>
<autoIncrementCycle>false</autoIncrementCycle>
</Column>
<Column name="pay_amount" id="D20AAA3F-0CED-5673-F72F-2AB6E7BF41B2">
<createdBy>Vincent</createdBy>
<createdTime>2023-04-05 14:02:45 UTC</createdTime>
<commentInRDBMS><![CDATA[Payment amount]]></commentInRDBMS>
<generatorID>CAE168C2-B540-D80F-EB94-15E467BA77A4</generatorID>
<ownerDesignName>mf_logical</ownerDesignName>
<useDomainConstraints>false</useDomainConstraints>
<use>1</use>
<logicalDatatype>LOGDT019</logicalDatatype>
<dataTypePrecision>6</dataTypePrecision>
<dataTypeScale>2</dataTypeScale>
<ownDataTypeParameters>,6,2</ownDataTypeParameters>
<autoIncrementCycle>false</autoIncrementCycle>
</Column>
</columns>
<indexes itemClass="oracle.dbtools.crest.model.design.relational.Index">
<ind_PK_UK id="76252E97-A3EE-6CF3-04C9-0688A1BE0DF5" name="PAYMENT_PK">
<createdBy>Vincent</createdBy>
<createdTime>2023-04-05 14:02:45 UTC</createdTime>
<generatorID>99E067F9-74DB-351A-5A9A-9CFD37857ADB</generatorID>
<ownerDesignName>mf_logical</ownerDesignName>
<pk>true</pk>
<indexState>Primary Constraint</indexState>
<isSurrogateKey>false</isSurrogateKey>
<indexColumnUsage>
<colUsage columnID="2F8BA1CD-2C73-9189-4F51-896798D64F9C"/>
</indexColumnUsage>
</ind_PK_UK>
<ind_PK_UK id="1CB29D63-8BBF-4C1D-FBAE-9F63ACE6688F" name="PAYMENT_NATURAL_KEY">
<createdBy>Vincent</createdBy>
<createdTime>2023-04-05 14:02:45 UTC</createdTime>
<generatorID>96255DEF-3FA3-614A-0125-8CC2F914333F</generatorID>
<ownerDesignName>mf_logical</ownerDesignName>
<indexState>Unique Constraint</indexState>
<isSurrogateKey>false</isSurrogateKey>
<indexColumnUsage>
<colUsage columnID="ED323A72-6367-9B25-5EE7-0366A9E0E07F"/>
<colUsage columnID="AE69138E-47BE-2BF3-1280-27CD2B9B34E4"/>
</indexColumnUsage>
</ind_PK_UK>
<ind_PK_UK id="8CF8DB7D-3637-31E0-336B-96D025CFE384" name="PAYMENT__IDX">
<createdBy>Vincent</createdBy>
<createdTime>2023-04-05 14:02:45 UTC</createdTime>
<ownerDesignName>mf_logical</ownerDesignName>
<indexState>Unique Plain Index</indexState>
<isSurrogateKey>false</isSurrogateKey>
<relationGeneratorID>EC3A814C-7ECD-36B7-F49E-1AA25995524A</relationGeneratorID>
<indexColumnUsage>
<colUsage columnID="AE69138E-47BE-2BF3-1280-27CD2B9B34E4"/>
</indexColumnUsage>
</ind_PK_UK>
<ind_PK_UK id="6E31F80F-FC44-5837-CD3C-B03DD0026475" name="BOOKING_PAYMENT">
<createdBy>Vincent</createdBy>
<createdTime>2023-04-05 14:02:45 UTC</createdTime>
<generatorID>EC3A814C-7ECD-36B7-F49E-1AA25995524A</generatorID>
<ownerDesignName>mf_logical</ownerDesignName>
<indexState>Foreign Key</indexState>
<isSurrogateKey>false</isSurrogateKey>
<indexColumnUsage>
<colUsage columnID="AE69138E-47BE-2BF3-1280-27CD2B9B34E4"/>
</indexColumnUsage>
</ind_PK_UK>
<ind_PK_UK id="C24C1395-EB72-CD68-86BD-2AA10526A3C9" name="CUSTOMER_PAYMENT">
<createdBy>Vincent</createdBy>
<createdTime>2023-04-05 14:02:45 UTC</createdTime>
<generatorID>2C2A86E2-ECFD-BA50-80EE-44F2DDFA4FC1</generatorID>
<ownerDesignName>mf_logical</ownerDesignName>
<indexState>Foreign Key</indexState>
<isSurrogateKey>false</isSurrogateKey>
<indexColumnUsage>
<colUsage columnID="ED323A72-6367-9B25-5EE7-0366A9E0E07F"/>
</indexColumnUsage>
</ind_PK_UK>
</indexes>
</Table>
