<?xml version = '1.0' encoding = 'UTF-8'?>
<Table class="oracle.dbtools.crest.model.design.relational.Table" directorySegmentName="seg_0" id="832E7798-A2E4-5CD7-75F6-5569F097DC74" name="CHEF_ARRANGEMENT">
<createdBy>Vincent</createdBy>
<createdTime>2023-04-05 14:02:45 UTC</createdTime>
<generatorID>11D85976-35BA-871A-EAF5-44E4FC8179E6</generatorID>
<ownerDesignName>mf_logical</ownerDesignName>
<allowColumnReorder>false</allowColumnReorder>
<existDependencyGenerateInDDl>true</existDependencyGenerateInDDl>
<parsed>true</parsed>
<columns itemClass="oracle.dbtools.crest.model.design.relational.Column">
<Column name="book_id" id="79479D67-EB42-D7D8-47DA-A62446024F29">
<createdBy>Vincent</createdBy>
<createdTime>2023-04-05 14:02:45 UTC</createdTime>
<commentInRDBMS><![CDATA[Booking ID]]></commentInRDBMS>
<generatorID>03158037-9D46-E9A7-B214-6F7F84BB3256</generatorID>
<ownerDesignName>mf_logical</ownerDesignName>
<useDomainConstraints>false</useDomainConstraints>
<use>1</use>
<logicalDatatype>LOGDT019</logicalDatatype>
<dataTypePrecision>7</dataTypePrecision>
<ownDataTypeParameters>,,</ownDataTypeParameters>
<previousColumn>false</previousColumn>
<autoIncrementCycle>false</autoIncrementCycle>
<associations>
<colAssociation fkAssociation="D1C8DC94-2B35-8FFE-D33E-E519682AD916" referredColumn="147875DE-02CB-E6BD-B3F7-481740A7A2CF"/>
</associations>
</Column>
<Column name="chef_id" id="E2B4E0F5-DA06-54E3-0F40-E096D338BA95">
<createdBy>Vincent</createdBy>
<createdTime>2023-04-05 14:02:45 UTC</createdTime>
<commentInRDBMS><![CDATA[Chef ID]]></commentInRDBMS>
<generatorID>F1FD33FC-FB55-F03A-DB86-F02BA9F4B120</generatorID>
<ownerDesignName>mf_logical</ownerDesignName>
<useDomainConstraints>false</useDomainConstraints>
<use>1</use>
<logicalDatatype>LOGDT019</logicalDatatype>
<dataTypePrecision>7</dataTypePrecision>
<ownDataTypeParameters>,,</ownDataTypeParameters>
<previousColumn>false</previousColumn>
<autoIncrementCycle>false</autoIncrementCycle>
<associations>
<colAssociation fkAssociation="FA9FA258-74AE-3998-93F9-68A049E8C40D" referredColumn="A4E08195-2813-62DE-7263-BD6091CD6A81"/>
</associations>
</Column>
</columns>
<indexes itemClass="oracle.dbtools.crest.model.design.relational.Index">
<ind_PK_UK id="2F3E0216-9D22-8C77-0E39-E7E060684F92" name="CHEF_ARRANGEMENT_PK">
<createdBy>Vincent</createdBy>
<createdTime>2023-04-05 14:02:45 UTC</createdTime>
<generatorID>B7E67E81-6C7F-6EF6-3F38-B713FED6D189</generatorID>
<ownerDesignName>mf_logical</ownerDesignName>
<pk>true</pk>
<indexState>Primary Constraint</indexState>
<isSurrogateKey>false</isSurrogateKey>
<indexColumnUsage>
<colUsage columnID="E2B4E0F5-DA06-54E3-0F40-E096D338BA95"/>
<colUsage columnID="79479D67-EB42-D7D8-47DA-A62446024F29"/>
</indexColumnUsage>
</ind_PK_UK>
<ind_PK_UK id="BFC11174-FBE2-5114-95F9-8BC016416BAB" name="BOOKING_CHEF_ARRANGE">
<createdBy>Vincent</createdBy>
<createdTime>2023-04-05 14:02:45 UTC</createdTime>
<generatorID>E7762556-2712-CF5D-4687-D668D4A428A2</generatorID>
<ownerDesignName>mf_logical</ownerDesignName>
<indexState>Foreign Key</indexState>
<isSurrogateKey>false</isSurrogateKey>
<indexColumnUsage>
<colUsage columnID="79479D67-EB42-D7D8-47DA-A62446024F29"/>
</indexColumnUsage>
</ind_PK_UK>
<ind_PK_UK id="56E7014B-50D8-F400-B448-BA7A01641DF4" name="CHEF_CHEFARRANGEMENT">
<createdBy>Vincent</createdBy>
<createdTime>2023-04-05 14:02:45 UTC</createdTime>
<generatorID>D1671A02-CB0B-E5F5-5C06-6EF87022378D</generatorID>
<ownerDesignName>mf_logical</ownerDesignName>
<indexState>Foreign Key</indexState>
<isSurrogateKey>false</isSurrogateKey>
<indexColumnUsage>
<colUsage columnID="E2B4E0F5-DA06-54E3-0F40-E096D338BA95"/>
</indexColumnUsage>
</ind_PK_UK>
</indexes>
</Table>
