<?xml version = '1.0' encoding = 'UTF-8'?>
<Table class="oracle.dbtools.crest.model.design.relational.Table" directorySegmentName="seg_0" id="8A8BA85C-3FEF-391A-8350-FDE65FF8A7D3" name="CHEF">
<createdBy>Vincent</createdBy>
<createdTime>2023-04-05 14:02:45 UTC</createdTime>
<generatorID>43411FA2-FA53-20DC-F99D-5A7010F0E658</generatorID>
<ownerDesignName>mf_logical</ownerDesignName>
<allowColumnReorder>false</allowColumnReorder>
<existDependencyGenerateInDDl>true</existDependencyGenerateInDDl>
<parsed>true</parsed>
<columns itemClass="oracle.dbtools.crest.model.design.relational.Column">
<Column name="chef_id" id="A4E08195-2813-62DE-7263-BD6091CD6A81">
<createdBy>Vincent</createdBy>
<createdTime>2023-04-05 14:02:45 UTC</createdTime>
<commentInRDBMS><![CDATA[Chef ID]]></commentInRDBMS>
<generatorID>7924DD4C-F027-E71C-F0B7-BC66FDB6ECEB</generatorID>
<ownerDesignName>mf_logical</ownerDesignName>
<useDomainConstraints>false</useDomainConstraints>
<use>1</use>
<logicalDatatype>LOGDT019</logicalDatatype>
<dataTypePrecision>7</dataTypePrecision>
<ownDataTypeParameters>,7,</ownDataTypeParameters>
<autoIncrementCycle>false</autoIncrementCycle>
</Column>
<Column name="chef_fname" id="605BEB27-6D16-5441-D87B-A121BAA16A45">
<createdBy>Vincent</createdBy>
<createdTime>2023-04-05 14:02:45 UTC</createdTime>
<commentInRDBMS><![CDATA[Chef first name]]></commentInRDBMS>
<generatorID>91D34204-B74B-39D8-E757-770DC7AC4104</generatorID>
<ownerDesignName>mf_logical</ownerDesignName>
<useDomainConstraints>false</useDomainConstraints>
<use>1</use>
<logicalDatatype>LOGDT024</logicalDatatype>
<dataTypeSize>50</dataTypeSize>
<ownDataTypeParameters>50,,</ownDataTypeParameters>
<autoIncrementCycle>false</autoIncrementCycle>
</Column>
<Column name="chef_lname" id="EB010379-0579-138D-439D-8797CCC699F4">
<createdBy>Vincent</createdBy>
<createdTime>2023-04-05 14:02:45 UTC</createdTime>
<commentInRDBMS><![CDATA[Chef last name]]></commentInRDBMS>
<generatorID>20E6242B-F433-F20D-04BE-FF7426278F95</generatorID>
<ownerDesignName>mf_logical</ownerDesignName>
<useDomainConstraints>false</useDomainConstraints>
<use>1</use>
<logicalDatatype>LOGDT024</logicalDatatype>
<dataTypeSize>50</dataTypeSize>
<ownDataTypeParameters>50,,</ownDataTypeParameters>
<autoIncrementCycle>false</autoIncrementCycle>
</Column>
<Column name="chef_contact" id="BD108A2E-BF93-A6FC-7500-8820609FB4F8">
<createdBy>Vincent</createdBy>
<createdTime>2023-04-05 14:02:45 UTC</createdTime>
<commentInRDBMS><![CDATA[Chef's phone number]]></commentInRDBMS>
<generatorID>E003A172-85DB-BDD3-FCA6-F747C34D69C7</generatorID>
<ownerDesignName>mf_logical</ownerDesignName>
<useDomainConstraints>false</useDomainConstraints>
<use>1</use>
<logicalDatatype>LOGDT025</logicalDatatype>
<dataTypeSize>10</dataTypeSize>
<ownDataTypeParameters>10,,</ownDataTypeParameters>
<autoIncrementCycle>false</autoIncrementCycle>
</Column>
<Column name="chef_hourly" id="F824C20F-7536-4F0F-73EE-EF59FBE278C5">
<createdBy>Vincent</createdBy>
<createdTime>2023-04-05 14:02:45 UTC</createdTime>
<commentInRDBMS><![CDATA[Chef's hourly rate]]></commentInRDBMS>
<generatorID>EBA4171A-EBDB-02A5-CED0-04380590C4FC</generatorID>
<ownerDesignName>mf_logical</ownerDesignName>
<useDomainConstraints>false</useDomainConstraints>
<use>1</use>
<logicalDatatype>LOGDT019</logicalDatatype>
<dataTypePrecision>2</dataTypePrecision>
<dataTypeScale>2</dataTypeScale>
<ownDataTypeParameters>,2,2</ownDataTypeParameters>
<autoIncrementCycle>false</autoIncrementCycle>
</Column>
</columns>
<indexes itemClass="oracle.dbtools.crest.model.design.relational.Index">
<ind_PK_UK id="97D74477-E18B-A065-757E-23556659A1FE" name="CHEF_PK">
<createdBy>Vincent</createdBy>
<createdTime>2023-04-05 14:02:45 UTC</createdTime>
<generatorID>FB3AC37C-26A3-C020-E4DD-64A79A38A228</generatorID>
<ownerDesignName>mf_logical</ownerDesignName>
<pk>true</pk>
<indexState>Primary Constraint</indexState>
<isSurrogateKey>false</isSurrogateKey>
<indexColumnUsage>
<colUsage columnID="A4E08195-2813-62DE-7263-BD6091CD6A81"/>
</indexColumnUsage>
</ind_PK_UK>
</indexes>
</Table>
