<?xml version = '1.0' encoding = 'UTF-8'?>
<Table class="oracle.dbtools.crest.model.design.relational.Table" directorySegmentName="seg_0" id="A8C67003-ABA1-388F-9730-D3ADB790009F" name="RATE_HISTORY">
<createdBy>Vincent</createdBy>
<createdTime>2023-04-05 14:02:45 UTC</createdTime>
<generatorID>AEA1DC5E-2428-533E-9580-2968ADCD94F2</generatorID>
<ownerDesignName>mf_logical</ownerDesignName>
<allowColumnReorder>false</allowColumnReorder>
<existDependencyGenerateInDDl>true</existDependencyGenerateInDDl>
<parsed>true</parsed>
<columns itemClass="oracle.dbtools.crest.model.design.relational.Column">
<Column name="room_id" id="8B789146-2943-7111-D2F7-C9D1BA4E6E20">
<createdBy>Vincent</createdBy>
<createdTime>2023-04-05 14:02:45 UTC</createdTime>
<commentInRDBMS><![CDATA[Room ID]]></commentInRDBMS>
<generatorID>590F3199-7507-5B4D-386F-1F26C75824AC</generatorID>
<ownerDesignName>mf_logical</ownerDesignName>
<useDomainConstraints>false</useDomainConstraints>
<use>1</use>
<logicalDatatype>LOGDT019</logicalDatatype>
<dataTypePrecision>7</dataTypePrecision>
<ownDataTypeParameters>,,</ownDataTypeParameters>
<previousColumn>false</previousColumn>
<autoIncrementCycle>false</autoIncrementCycle>
<associations>
<colAssociation fkAssociation="AF7946DA-A19F-1770-94A6-231CC7494188" referredColumn="DF6376CB-C05C-0678-462C-F9B2FAEC3051"/>
</associations>
</Column>
<Column name="rh_recrate" id="82B92416-D89A-A682-AA23-645C8AC527D3">
<createdBy>Vincent</createdBy>
<createdTime>2023-04-05 14:02:45 UTC</createdTime>
<commentInRDBMS><![CDATA[Recorded hourly rate for function room]]></commentInRDBMS>
<generatorID>226E8080-15F0-52C7-2BD1-C2A23D6DBE65</generatorID>
<ownerDesignName>mf_logical</ownerDesignName>
<useDomainConstraints>false</useDomainConstraints>
<use>1</use>
<logicalDatatype>LOGDT019</logicalDatatype>
<dataTypePrecision>4</dataTypePrecision>
<ownDataTypeParameters>,4,</ownDataTypeParameters>
<autoIncrementCycle>false</autoIncrementCycle>
</Column>
<Column name="rh_recdate" id="0050D6E2-E67F-C544-C53B-186412D0F76C">
<createdBy>Vincent</createdBy>
<createdTime>2023-04-05 14:02:45 UTC</createdTime>
<commentInRDBMS><![CDATA[The date when room rate is recorded]]></commentInRDBMS>
<generatorID>480A9EEF-F236-D743-2C7B-75942215B12F</generatorID>
<ownerDesignName>mf_logical</ownerDesignName>
<useDomainConstraints>false</useDomainConstraints>
<use>1</use>
<logicalDatatype>LOGDT007</logicalDatatype>
<ownDataTypeParameters>,,</ownDataTypeParameters>
<autoIncrementCycle>false</autoIncrementCycle>
</Column>
</columns>
<indexes itemClass="oracle.dbtools.crest.model.design.relational.Index">
<ind_PK_UK id="36C3284F-07FB-C072-EC34-0041C7B36628" name="RATE_HISTORY_PK">
<createdBy>Vincent</createdBy>
<createdTime>2023-04-05 14:02:45 UTC</createdTime>
<generatorID>4C627D4E-5D56-5ADD-1D73-8EA71D89D717</generatorID>
<ownerDesignName>mf_logical</ownerDesignName>
<pk>true</pk>
<indexState>Primary Constraint</indexState>
<isSurrogateKey>false</isSurrogateKey>
<indexColumnUsage>
<colUsage columnID="8B789146-2943-7111-D2F7-C9D1BA4E6E20"/>
</indexColumnUsage>
</ind_PK_UK>
<ind_PK_UK id="C17178C5-4B02-1625-4596-196DA2DF55E5" name="ROOM_RATE_HISTORY">
<createdBy>Vincent</createdBy>
<createdTime>2023-04-05 14:02:45 UTC</createdTime>
<generatorID>34BF65D4-F71B-24F2-3AC9-59BE71E95E74</generatorID>
<ownerDesignName>mf_logical</ownerDesignName>
<indexState>Foreign Key</indexState>
<isSurrogateKey>false</isSurrogateKey>
<indexColumnUsage>
<colUsage columnID="8B789146-2943-7111-D2F7-C9D1BA4E6E20"/>
</indexColumnUsage>
</ind_PK_UK>
</indexes>
</Table>
