<?xml version = '1.0' encoding = 'UTF-8'?>
<Table class="oracle.dbtools.crest.model.design.relational.Table" directorySegmentName="seg_0" id="BEBE09AA-0F2F-4C79-9451-D0972372C716" name="ROOM_EVALUATION">
<createdBy>Vincent</createdBy>
<createdTime>2023-04-05 14:02:45 UTC</createdTime>
<generatorID>9F6027B1-2FE3-6BA5-526A-A2F8D53EA5B5</generatorID>
<ownerDesignName>mf_logical</ownerDesignName>
<allowColumnReorder>false</allowColumnReorder>
<existDependencyGenerateInDDl>true</existDependencyGenerateInDDl>
<parsed>true</parsed>
<columns itemClass="oracle.dbtools.crest.model.design.relational.Column">
<Column name="re_id" id="656C402D-C655-175E-EDD8-5D6BF2080569">
<createdBy>Vincent</createdBy>
<createdTime>2023-04-05 14:02:45 UTC</createdTime>
<commentInRDBMS><![CDATA[Evaluation ID]]></commentInRDBMS>
<generatorID>B717ADCE-82EE-0997-C787-BAED7E06420F</generatorID>
<ownerDesignName>mf_logical</ownerDesignName>
<useDomainConstraints>false</useDomainConstraints>
<use>1</use>
<logicalDatatype>LOGDT019</logicalDatatype>
<dataTypePrecision>7</dataTypePrecision>
<ownDataTypeParameters>,7,</ownDataTypeParameters>
<autoIncrementCycle>false</autoIncrementCycle>
</Column>
<Column name="room_id" id="776B0D65-18F7-1750-06D2-F74F549D5BA3">
<createdBy>Vincent</createdBy>
<createdTime>2023-04-05 14:02:45 UTC</createdTime>
<commentInRDBMS><![CDATA[Room ID]]></commentInRDBMS>
<generatorID>C097001D-10E7-15BE-1143-F15B3D5B44FF</generatorID>
<ownerDesignName>mf_logical</ownerDesignName>
<useDomainConstraints>false</useDomainConstraints>
<use>1</use>
<logicalDatatype>LOGDT019</logicalDatatype>
<dataTypePrecision>7</dataTypePrecision>
<ownDataTypeParameters>,,</ownDataTypeParameters>
<previousColumn>false</previousColumn>
<autoIncrementCycle>false</autoIncrementCycle>
<associations>
<colAssociation fkAssociation="24D2A697-42EC-E009-7EAE-766BDA477D20" referredColumn="DF6376CB-C05C-0678-462C-F9B2FAEC3051"/>
</associations>
</Column>
<Column name="re_chk" id="33EC18E6-22A7-2AD8-D250-67AFEDB2A3EA">
<createdBy>Vincent</createdBy>
<createdTime>2023-04-05 14:02:45 UTC</createdTime>
<commentInRDBMS><![CDATA[Date of the function room checked]]></commentInRDBMS>
<generatorID>F9F7BDA2-E51B-677D-3B64-7653A6745A62</generatorID>
<ownerDesignName>mf_logical</ownerDesignName>
<useDomainConstraints>false</useDomainConstraints>
<use>1</use>
<logicalDatatype>LOGDT007</logicalDatatype>
<ownDataTypeParameters>,,</ownDataTypeParameters>
<autoIncrementCycle>false</autoIncrementCycle>
</Column>
<Column name="chef_id" id="6209DA08-2D2D-9D50-C0E8-5E2181F14B98">
<createdBy>Vincent</createdBy>
<createdTime>2023-04-05 14:02:45 UTC</createdTime>
<commentInRDBMS><![CDATA[Chef ID]]></commentInRDBMS>
<generatorID>914CEF24-82EC-CDB4-B1EB-A9B7675B850D</generatorID>
<ownerDesignName>mf_logical</ownerDesignName>
<useDomainConstraints>false</useDomainConstraints>
<use>1</use>
<logicalDatatype>LOGDT019</logicalDatatype>
<dataTypePrecision>7</dataTypePrecision>
<ownDataTypeParameters>,,</ownDataTypeParameters>
<previousColumn>false</previousColumn>
<autoIncrementCycle>false</autoIncrementCycle>
<associations>
<colAssociation fkAssociation="230DA954-000E-FCE3-0553-283BD624AE48" referredColumn="A4E08195-2813-62DE-7263-BD6091CD6A81"/>
</associations>
</Column>
<Column name="re_apr" id="9E43E163-4305-DE2E-DEB2-230E4DEAF9E4">
<createdBy>Vincent</createdBy>
<createdTime>2023-04-05 14:02:45 UTC</createdTime>
<commentInRDBMS><![CDATA[Whether the room is approved for use]]></commentInRDBMS>
<generatorID>FCA99103-8BE8-53C7-46DC-7535A2EB5E3C</generatorID>
<ownerDesignName>mf_logical</ownerDesignName>
<useDomainConstraints>false</useDomainConstraints>
<use>1</use>
<logicalDatatype>LOGDT025</logicalDatatype>
<dataTypeSize>1</dataTypeSize>
<listOfValues>
<valueDef value="N" description="not approved for use"/>
<valueDef value="Y" description="approved for use"/>
</listOfValues>
<ownDataTypeParameters>1,,</ownDataTypeParameters>
<autoIncrementCycle>false</autoIncrementCycle>
</Column>
<Column name="re_cmt" id="8CE92868-0543-E0B1-E176-A211D6B4E355">
<createdBy>Vincent</createdBy>
<createdTime>2023-04-05 14:02:45 UTC</createdTime>
<commentInRDBMS><![CDATA[Comments on the function room appliances]]></commentInRDBMS>
<generatorID>E58241F4-E25F-0D5F-7BC9-9349DD11AB39</generatorID>
<ownerDesignName>mf_logical</ownerDesignName>
<nullsAllowed>true</nullsAllowed>
<useDomainConstraints>false</useDomainConstraints>
<use>1</use>
<logicalDatatype>LOGDT024</logicalDatatype>
<dataTypeSize>200</dataTypeSize>
<ownDataTypeParameters>200,,</ownDataTypeParameters>
<autoIncrementCycle>false</autoIncrementCycle>
</Column>
</columns>
<indexes itemClass="oracle.dbtools.crest.model.design.relational.Index">
<ind_PK_UK id="F7FC04BB-22FF-CA36-AD72-925D191E5554" name="EVALUATION_PK">
<createdBy>Vincent</createdBy>
<createdTime>2023-04-05 14:02:45 UTC</createdTime>
<generatorID>51C38A97-9E0E-9A99-46AA-B4C335B0AEA0</generatorID>
<ownerDesignName>mf_logical</ownerDesignName>
<pk>true</pk>
<indexState>Primary Constraint</indexState>
<isSurrogateKey>false</isSurrogateKey>
<indexColumnUsage>
<colUsage columnID="656C402D-C655-175E-EDD8-5D6BF2080569"/>
</indexColumnUsage>
</ind_PK_UK>
<ind_PK_UK id="E34C05BE-F870-3E79-7D53-DE4B329876A8" name="EVALUATION_NATURAL_KEY">
<createdBy>Vincent</createdBy>
<createdTime>2023-04-05 14:02:45 UTC</createdTime>
<generatorID>F5DAD07F-ADFA-FF67-9C18-0EABB9EDEA3C</generatorID>
<ownerDesignName>mf_logical</ownerDesignName>
<indexState>Unique Constraint</indexState>
<isSurrogateKey>false</isSurrogateKey>
<indexColumnUsage>
<colUsage columnID="33EC18E6-22A7-2AD8-D250-67AFEDB2A3EA"/>
<colUsage columnID="776B0D65-18F7-1750-06D2-F74F549D5BA3"/>
</indexColumnUsage>
</ind_PK_UK>
<ind_PK_UK id="68926188-F83B-E43A-3338-6AD774C5A808" name="CHEF_ROOMEVAL">
<createdBy>Vincent</createdBy>
<createdTime>2023-04-05 14:02:45 UTC</createdTime>
<generatorID>E3C3A15E-9147-42DE-9874-4C0A1403B6DB</generatorID>
<ownerDesignName>mf_logical</ownerDesignName>
<indexState>Foreign Key</indexState>
<isSurrogateKey>false</isSurrogateKey>
<indexColumnUsage>
<colUsage columnID="6209DA08-2D2D-9D50-C0E8-5E2181F14B98"/>
</indexColumnUsage>
</ind_PK_UK>
<ind_PK_UK id="11AA44D8-F067-52D3-5B3E-E37966589092" name="FROOM_EVALUATION">
<createdBy>Vincent</createdBy>
<createdTime>2023-04-05 14:02:45 UTC</createdTime>
<generatorID>C94398E9-E181-4248-D0BA-7C75E8829FCA</generatorID>
<ownerDesignName>mf_logical</ownerDesignName>
<indexState>Foreign Key</indexState>
<isSurrogateKey>false</isSurrogateKey>
<indexColumnUsage>
<colUsage columnID="776B0D65-18F7-1750-06D2-F74F549D5BA3"/>
</indexColumnUsage>
</ind_PK_UK>
</indexes>
</Table>
