<?xml version = '1.0' encoding = 'UTF-8'?>
<Table class="oracle.dbtools.crest.model.design.relational.Table" directorySegmentName="seg_0" id="F6FD2422-09BB-18F5-DF48-F96052E82C57" name="SPECIALIZATION">
<createdBy>Vincent</createdBy>
<createdTime>2023-04-05 14:02:45 UTC</createdTime>
<generatorID>AC0E51CD-BC63-B590-F1C4-6DC105D3958C</generatorID>
<ownerDesignName>mf_logical</ownerDesignName>
<allowColumnReorder>false</allowColumnReorder>
<existDependencyGenerateInDDl>true</existDependencyGenerateInDDl>
<parsed>true</parsed>
<columns itemClass="oracle.dbtools.crest.model.design.relational.Column">
<Column name="chef_id" id="CEEFD851-7A7D-8877-6429-4975F4E44C9A">
<createdBy>Vincent</createdBy>
<createdTime>2023-04-05 14:02:45 UTC</createdTime>
<commentInRDBMS><![CDATA[Chef ID]]></commentInRDBMS>
<generatorID>35633F42-7582-C067-2309-4E89B656CC11</generatorID>
<ownerDesignName>mf_logical</ownerDesignName>
<useDomainConstraints>false</useDomainConstraints>
<use>1</use>
<logicalDatatype>LOGDT019</logicalDatatype>
<dataTypePrecision>7</dataTypePrecision>
<ownDataTypeParameters>,,</ownDataTypeParameters>
<previousColumn>false</previousColumn>
<autoIncrementCycle>false</autoIncrementCycle>
<associations>
<colAssociation fkAssociation="0BF84A82-3B2A-7CBE-9723-39B9BDC603BA" referredColumn="A4E08195-2813-62DE-7263-BD6091CD6A81"/>
</associations>
</Column>
<Column name="cuis_type" id="B073ED21-3F0B-183A-57EC-FF5DE63F3A1C">
<createdBy>Vincent</createdBy>
<createdTime>2023-04-05 14:02:45 UTC</createdTime>
<commentInRDBMS><![CDATA[Cuisine type]]></commentInRDBMS>
<generatorID>54AA0EE2-F330-9C9C-F164-B47B305D487A</generatorID>
<ownerDesignName>mf_logical</ownerDesignName>
<useDomainConstraints>false</useDomainConstraints>
<use>1</use>
<logicalDatatype>LOGDT025</logicalDatatype>
<dataTypeSize>3</dataTypeSize>
<ownDataTypeParameters>,,</ownDataTypeParameters>
<previousColumn>false</previousColumn>
<autoIncrementCycle>false</autoIncrementCycle>
<associations>
<colAssociation fkAssociation="9C6E13B5-4CC8-5DF2-483E-A5D9A653E6F5" referredColumn="B5C6E634-51AE-7348-2E6B-34B51F20605E"/>
</associations>
</Column>
<Column name="spec_acq" id="9A39E307-24E1-0747-4141-2256CAE63963">
<createdBy>Vincent</createdBy>
<createdTime>2023-04-05 14:02:45 UTC</createdTime>
<commentInRDBMS><![CDATA[The date when the chef acquire the specialization]]></commentInRDBMS>
<generatorID>240C696C-CDAA-DB40-97F9-532ABF99D3D4</generatorID>
<ownerDesignName>mf_logical</ownerDesignName>
<nullsAllowed>true</nullsAllowed>
<useDomainConstraints>false</useDomainConstraints>
<use>1</use>
<logicalDatatype>LOGDT007</logicalDatatype>
<ownDataTypeParameters>,,</ownDataTypeParameters>
<autoIncrementCycle>false</autoIncrementCycle>
</Column>
</columns>
<indexes itemClass="oracle.dbtools.crest.model.design.relational.Index">
<ind_PK_UK id="BFB13795-3F67-5D15-4149-24D7A65B4D6D" name="SPECIALIZATION_PK">
<createdBy>Vincent</createdBy>
<createdTime>2023-04-05 14:02:45 UTC</createdTime>
<generatorID>436CF1B4-A550-6A17-6150-F2AC4E2E6130</generatorID>
<ownerDesignName>mf_logical</ownerDesignName>
<pk>true</pk>
<indexState>Primary Constraint</indexState>
<isSurrogateKey>false</isSurrogateKey>
<indexColumnUsage>
<colUsage columnID="CEEFD851-7A7D-8877-6429-4975F4E44C9A"/>
<colUsage columnID="B073ED21-3F0B-183A-57EC-FF5DE63F3A1C"/>
</indexColumnUsage>
</ind_PK_UK>
<ind_PK_UK id="004E0C21-99DB-0745-F52F-566B2039FED3" name="CHEF_SPEC">
<createdBy>Vincent</createdBy>
<createdTime>2023-04-05 14:02:45 UTC</createdTime>
<generatorID>85ACDF0F-8E67-2292-4C6A-1EE3BF3FFFA4</generatorID>
<ownerDesignName>mf_logical</ownerDesignName>
<indexState>Foreign Key</indexState>
<isSurrogateKey>false</isSurrogateKey>
<indexColumnUsage>
<colUsage columnID="CEEFD851-7A7D-8877-6429-4975F4E44C9A"/>
</indexColumnUsage>
</ind_PK_UK>
<ind_PK_UK id="02CF7FF1-A489-B39E-EE96-DE0F20CC09A0" name="CUISINE_SPEC">
<createdBy>Vincent</createdBy>
<createdTime>2023-04-05 14:02:45 UTC</createdTime>
<generatorID>1F95B61C-E038-9192-F316-290C134DB16C</generatorID>
<ownerDesignName>mf_logical</ownerDesignName>
<indexState>Foreign Key</indexState>
<isSurrogateKey>false</isSurrogateKey>
<indexColumnUsage>
<colUsage columnID="B073ED21-3F0B-183A-57EC-FF5DE63F3A1C"/>
</indexColumnUsage>
</ind_PK_UK>
</indexes>
</Table>
