<?xml version = '1.0' encoding = 'UTF-8'?>
<Diagram class="oracle.dbtools.crest.swingui.relational.DPVRelational" name="mf_relational" id="3D3EF611-39B2-96A5-A9FD-C819050CB350">
<createdBy>G26</createdBy>
<modifiedBy>G26</modifiedBy>
<createdTime>2023-03-29 11:09:17 UTC</createdTime>
<autoRoute>false</autoRoute>
<boxInbox>true</boxInbox>
<showLegend>false</showLegend>
<showLabels>false</showLabels>
<showRelAttributes>false</showRelAttributes>
<gridEnabled>false</gridEnabled>
<showGrid>false</showGrid>
<diagramColor>-1</diagramColor>
<display>false</display>
<notation>1</notation>
<objectViews>
<OView class="oracle.dbtools.crest.swingui.relational.TVTable" oid="14694059-928A-4A2A-F34D-DE45CB7503E1" otype="Table" vid="5691986F-1EFF-9CEC-AE60-8090F086A3D8">
<hideElementsInCurrentOnly>false</hideElementsInCurrentOnly>
<bounds x="848" y="103" width="263" height="269"/>
</OView>
<OView class="oracle.dbtools.crest.swingui.relational.TVTable" oid="20F780CD-BB5C-3559-042A-096097E54837" otype="Table" vid="45F61797-04AA-2E2B-B75D-FD8E87E77326">
<hideElementsInCurrentOnly>false</hideElementsInCurrentOnly>
<bounds x="582" y="531" width="187" height="87"/>
</OView>
<OView class="oracle.dbtools.crest.swingui.relational.TVTable" oid="222137F9-E1A4-009D-FD63-2DE978956F0A" otype="Table" vid="B48AC53B-71C4-1AE3-F598-6CB72D7ACBA4">
<hideElementsInCurrentOnly>false</hideElementsInCurrentOnly>
<bounds x="1648" y="126" width="276" height="187"/>
</OView>
<OView class="oracle.dbtools.crest.swingui.relational.TVTable" oid="74B009AD-338E-293D-D7F5-19D1ABFD2526" otype="Table" vid="97636D39-2B98-FA21-D771-69680BB7654D">
<hideElementsInCurrentOnly>false</hideElementsInCurrentOnly>
<bounds x="249" y="327" width="274" height="218"/>
</OView>
<OView class="oracle.dbtools.crest.swingui.relational.TVTable" oid="752A7C29-6A96-60D4-9C72-85B8A823CB99" otype="Table" vid="B3EB5F3C-AD78-99B1-F58B-3D3076D46F3E">
<hideElementsInCurrentOnly>false</hideElementsInCurrentOnly>
<bounds x="1205" y="100" width="222" height="161"/>
</OView>
<OView class="oracle.dbtools.crest.swingui.relational.TVTable" oid="832E7798-A2E4-5CD7-75F6-5569F097DC74" otype="Table" vid="DB9CA5F8-10EC-5947-D72B-FD5B135C75F3">
<hideElementsInCurrentOnly>false</hideElementsInCurrentOnly>
<bounds x="906" y="501" width="267" height="126"/>
</OView>
<OView class="oracle.dbtools.crest.swingui.relational.TVTable" oid="8A8BA85C-3FEF-391A-8350-FDE65FF8A7D3" otype="Table" vid="6355EB88-F8EB-E7D8-48B1-2AF041BA396D">
<hideElementsInCurrentOnly>false</hideElementsInCurrentOnly>
<bounds x="1370" y="637" width="290" height="142"/>
</OView>
<OView class="oracle.dbtools.crest.swingui.relational.TVTable" oid="A2D25DBA-A670-22CC-04AF-63E7CA87E136" otype="Table" vid="BCBF9AA2-3FFB-07EA-9F75-BA72F83A23C6">
<hideElementsInCurrentOnly>false</hideElementsInCurrentOnly>
<bounds x="220" y="66" width="247" height="158"/>
</OView>
<OView class="oracle.dbtools.crest.swingui.relational.TVTable" oid="A8C67003-ABA1-388F-9730-D3ADB790009F" otype="Table" vid="D8265C07-CA85-49C2-F411-F37B3E74579B">
<hideElementsInCurrentOnly>false</hideElementsInCurrentOnly>
<bounds x="1222" y="391" width="269" height="128"/>
</OView>
<OView class="oracle.dbtools.crest.swingui.relational.TVTable" oid="BEBE09AA-0F2F-4C79-9451-D0972372C716" otype="Table" vid="AC525EC7-55CF-F196-578C-58BA24CA76D2">
<hideElementsInCurrentOnly>false</hideElementsInCurrentOnly>
<bounds x="1731" y="517" width="294" height="197"/>
</OView>
<OView class="oracle.dbtools.crest.swingui.relational.TVTable" oid="F6FD2422-09BB-18F5-DF48-F96052E82C57" otype="Table" vid="5EDA9805-0C71-4A28-C7CF-3CE64711638C">
<hideElementsInCurrentOnly>false</hideElementsInCurrentOnly>
<bounds x="581" y="695" width="260" height="138"/>
</OView>
</objectViews>
<connectors>
<Connector class="oracle.dbtools.crest.swingui.relational.TVFKRelation" oid="0A1BC809-2B68-6EE7-379F-DC6D205A9702" otype="FKIndexAssociation" vid_source="5691986F-1EFF-9CEC-AE60-8090F086A3D8" vid_target="97636D39-2B98-FA21-D771-69680BB7654D">
<hideElementsInCurrentOnly>false</hideElementsInCurrentOnly>
<backgroundColor>-16777216</backgroundColor>
<lineWidth>1</lineWidth>
<points>
<point x="848" y="349"/>
<point x="523" y="349"/>
</points>
</Connector>
<Connector class="oracle.dbtools.crest.swingui.relational.TVFKRelation" oid="0BF84A82-3B2A-7CBE-9723-39B9BDC603BA" otype="FKIndexAssociation" vid_source="6355EB88-F8EB-E7D8-48B1-2AF041BA396D" vid_target="5EDA9805-0C71-4A28-C7CF-3CE64711638C">
<hideElementsInCurrentOnly>false</hideElementsInCurrentOnly>
<backgroundColor>-16777216</backgroundColor>
<lineWidth>1</lineWidth>
<points>
<point x="1370" y="722"/>
<point x="841" y="722"/>
</points>
</Connector>
<Connector class="oracle.dbtools.crest.swingui.relational.TVFKRelation" oid="0F3DFD12-03D1-332C-B929-532858A3D15B" otype="FKIndexAssociation" vid_source="BCBF9AA2-3FFB-07EA-9F75-BA72F83A23C6" vid_target="5691986F-1EFF-9CEC-AE60-8090F086A3D8">
<hideElementsInCurrentOnly>false</hideElementsInCurrentOnly>
<backgroundColor>-16777216</backgroundColor>
<lineWidth>1</lineWidth>
<points>
<point x="467" y="178"/>
<point x="848" y="178"/>
</points>
</Connector>
<Connector class="oracle.dbtools.crest.swingui.relational.TVFKRelation" oid="230DA954-000E-FCE3-0553-283BD624AE48" otype="FKIndexAssociation" vid_source="6355EB88-F8EB-E7D8-48B1-2AF041BA396D" vid_target="AC525EC7-55CF-F196-578C-58BA24CA76D2">
<hideElementsInCurrentOnly>false</hideElementsInCurrentOnly>
<backgroundColor>-16777216</backgroundColor>
<lineWidth>1</lineWidth>
<points>
<point x="1660" y="675"/>
<point x="1731" y="675"/>
</points>
</Connector>
<Connector class="oracle.dbtools.crest.swingui.relational.TVFKRelation" oid="24D2A697-42EC-E009-7EAE-766BDA477D20" otype="FKIndexAssociation" vid_source="B3EB5F3C-AD78-99B1-F58B-3D3076D46F3E" vid_target="AC525EC7-55CF-F196-578C-58BA24CA76D2">
<hideElementsInCurrentOnly>false</hideElementsInCurrentOnly>
<backgroundColor>-16777216</backgroundColor>
<lineWidth>1</lineWidth>
<points>
<point x="1420" y="261"/>
<point x="1750" y="517"/>
</points>
</Connector>
<Connector class="oracle.dbtools.crest.swingui.relational.TVFKRelation" oid="4517BF83-02DE-4EC6-B5EE-C95B7A5B5958" otype="FKIndexAssociation" vid_source="BCBF9AA2-3FFB-07EA-9F75-BA72F83A23C6" vid_target="97636D39-2B98-FA21-D771-69680BB7654D">
<hideElementsInCurrentOnly>false</hideElementsInCurrentOnly>
<backgroundColor>-16777216</backgroundColor>
<lineWidth>1</lineWidth>
<points>
<point x="358" y="224"/>
<point x="358" y="327"/>
</points>
</Connector>
<Connector class="oracle.dbtools.crest.swingui.relational.TVFKRelation" oid="60DBD94F-41BC-A4FA-0FA1-E40A4374CECC" otype="FKIndexAssociation" vid_source="45F61797-04AA-2E2B-B75D-FD8E87E77326" vid_target="5691986F-1EFF-9CEC-AE60-8090F086A3D8">
<hideElementsInCurrentOnly>false</hideElementsInCurrentOnly>
<backgroundColor>-16777216</backgroundColor>
<lineWidth>1</lineWidth>
<points>
<point x="714" y="531"/>
<point x="858" y="372"/>
</points>
</Connector>
<Connector class="oracle.dbtools.crest.swingui.relational.TVFKRelation" oid="74E6CCC3-0AED-76E0-5F72-CA804FA5749B" otype="FKIndexAssociation" vid_source="B3EB5F3C-AD78-99B1-F58B-3D3076D46F3E" vid_target="B48AC53B-71C4-1AE3-F598-6CB72D7ACBA4">
<hideElementsInCurrentOnly>false</hideElementsInCurrentOnly>
<backgroundColor>-16777216</backgroundColor>
<lineWidth>1</lineWidth>
<points>
<point x="1427" y="193"/>
<point x="1648" y="193"/>
</points>
</Connector>
<Connector class="oracle.dbtools.crest.swingui.relational.TVFKRelation" oid="9C6E13B5-4CC8-5DF2-483E-A5D9A653E6F5" otype="FKIndexAssociation" vid_source="45F61797-04AA-2E2B-B75D-FD8E87E77326" vid_target="5EDA9805-0C71-4A28-C7CF-3CE64711638C">
<hideElementsInCurrentOnly>false</hideElementsInCurrentOnly>
<backgroundColor>-16777216</backgroundColor>
<lineWidth>1</lineWidth>
<points>
<point x="675" y="618"/>
<point x="675" y="695"/>
</points>
</Connector>
<Connector class="oracle.dbtools.crest.swingui.relational.TVFKRelation" oid="AE770065-8BF1-C32C-4A1D-242E3CC75804" otype="FKIndexAssociation" vid_source="B3EB5F3C-AD78-99B1-F58B-3D3076D46F3E" vid_target="5691986F-1EFF-9CEC-AE60-8090F086A3D8">
<hideElementsInCurrentOnly>false</hideElementsInCurrentOnly>
<backgroundColor>-16777216</backgroundColor>
<lineWidth>1</lineWidth>
<points>
<point x="1205" y="182"/>
<point x="1111" y="182"/>
</points>
</Connector>
<Connector class="oracle.dbtools.crest.swingui.relational.TVFKRelation" oid="AF7946DA-A19F-1770-94A6-231CC7494188" otype="FKIndexAssociation" vid_source="B3EB5F3C-AD78-99B1-F58B-3D3076D46F3E" vid_target="D8265C07-CA85-49C2-F411-F37B3E74579B">
<hideElementsInCurrentOnly>false</hideElementsInCurrentOnly>
<backgroundColor>-16777216</backgroundColor>
<lineWidth>1</lineWidth>
<points>
<point x="1324" y="261"/>
<point x="1324" y="391"/>
</points>
</Connector>
<Connector class="oracle.dbtools.crest.swingui.relational.TVFKRelation" oid="C1B4008A-62B2-F195-D37C-13A9540F8B22" otype="FKIndexAssociation" vid_source="AC525EC7-55CF-F196-578C-58BA24CA76D2" vid_target="B48AC53B-71C4-1AE3-F598-6CB72D7ACBA4">
<hideElementsInCurrentOnly>false</hideElementsInCurrentOnly>
<backgroundColor>-16777216</backgroundColor>
<lineWidth>1</lineWidth>
<points>
<point x="1827" y="517"/>
<point x="1827" y="313"/>
</points>
</Connector>
<Connector class="oracle.dbtools.crest.swingui.relational.TVFKRelation" oid="D1C8DC94-2B35-8FFE-D33E-E519682AD916" otype="FKIndexAssociation" vid_source="5691986F-1EFF-9CEC-AE60-8090F086A3D8" vid_target="DB9CA5F8-10EC-5947-D72B-FD5B135C75F3">
<hideElementsInCurrentOnly>false</hideElementsInCurrentOnly>
<backgroundColor>-16777216</backgroundColor>
<lineWidth>1</lineWidth>
<points>
<point x="1008" y="372"/>
<point x="1008" y="501"/>
</points>
</Connector>
<Connector class="oracle.dbtools.crest.swingui.relational.TVFKRelation" oid="FA9FA258-74AE-3998-93F9-68A049E8C40D" otype="FKIndexAssociation" vid_source="6355EB88-F8EB-E7D8-48B1-2AF041BA396D" vid_target="DB9CA5F8-10EC-5947-D72B-FD5B135C75F3">
<hideElementsInCurrentOnly>false</hideElementsInCurrentOnly>
<backgroundColor>-16777216</backgroundColor>
<lineWidth>1</lineWidth>
<points>
<point x="1370" y="664"/>
<point x="1173" y="604"/>
</points>
</Connector>
</connectors>
</Diagram>
