<?xml version = '1.0' encoding = 'UTF-8'?>
<FKIndexAssociation class="oracle.dbtools.crest.model.design.relational.FKIndexAssociation" directorySegmentName="seg_0" id="0A1BC809-2B68-6EE7-379F-DC6D205A9702" containerWithKeyObject="74B009AD-338E-293D-D7F5-19D1ABFD2526" localFKIndex="6E31F80F-FC44-5837-CD3C-B03DD0026475" name="BOOKING_PAYMENT">
<createdBy>Vincent</createdBy>
<createdTime>2023-04-05 14:02:45 UTC</createdTime>
<generatorID>EC3A814C-7ECD-36B7-F49E-1AA25995524A</generatorID>
<ownerDesignName>mf_logical</ownerDesignName>
<referredTableLongName>BOOKING</referredTableLongName>
<deleteRule>NO ACTION</deleteRule>
<referredTableID>14694059-928A-4A2A-F34D-DE45CB7503E1</referredTableID>
<keyObject>7764D2A5-3DE6-B94F-428A-60906E79888A</keyObject>
<referredKeyID>7764D2A5-3DE6-B94F-428A-60906E79888A</referredKeyID>
<mandatory>true</mandatory>
<refColNames>book_id</refColNames>
<transferable>true</transferable>
<rely>false</rely>
<columnDependencyConstraintGenerateInDDL>true</columnDependencyConstraintGenerateInDDL>
</FKIndexAssociation>
