<?xml version = '1.0' encoding = 'UTF-8'?>
<FKIndexAssociation class="oracle.dbtools.crest.model.design.relational.FKIndexAssociation" directorySegmentName="seg_0" id="0BF84A82-3B2A-7CBE-9723-39B9BDC603BA" containerWithKeyObject="F6FD2422-09BB-18F5-DF48-F96052E82C57" localFKIndex="004E0C21-99DB-0745-F52F-566B2039FED3" name="CHEF_SPEC">
<createdBy>Vincent</createdBy>
<createdTime>2023-04-05 14:02:45 UTC</createdTime>
<generatorID>85ACDF0F-8E67-2292-4C6A-1EE3BF3FFFA4</generatorID>
<ownerDesignName>mf_logical</ownerDesignName>
<referredTableLongName>CHEF</referredTableLongName>
<deleteRule>NO ACTION</deleteRule>
<referredTableID>8A8BA85C-3FEF-391A-8350-FDE65FF8A7D3</referredTableID>
<keyObject>97D74477-E18B-A065-757E-23556659A1FE</keyObject>
<referredKeyID>97D74477-E18B-A065-757E-23556659A1FE</referredKeyID>
<mandatory>true</mandatory>
<refColNames>chef_id</refColNames>
<transferable>true</transferable>
<rely>false</rely>
<columnDependencyConstraintGenerateInDDL>true</columnDependencyConstraintGenerateInDDL>
</FKIndexAssociation>
