<?xml version = '1.0' encoding = 'UTF-8'?>
<FKIndexAssociation class="oracle.dbtools.crest.model.design.relational.FKIndexAssociation" directorySegmentName="seg_0" id="0F3DFD12-03D1-332C-B929-532858A3D15B" containerWithKeyObject="14694059-928A-4A2A-F34D-DE45CB7503E1" localFKIndex="08F18324-84A4-9953-E75D-8D10C7027914" name="CUSTOMER_BOOKING">
<createdBy>Vincent</createdBy>
<createdTime>2023-04-05 14:02:45 UTC</createdTime>
<generatorID>CB80509E-4F0A-2702-9628-E9D574243858</generatorID>
<ownerDesignName>mf_logical</ownerDesignName>
<referredTableLongName>CUSTOMER</referredTableLongName>
<deleteRule>NO ACTION</deleteRule>
<referredTableID>A2D25DBA-A670-22CC-04AF-63E7CA87E136</referredTableID>
<keyObject>7C549658-4728-33D2-3436-36C2BE4FBC43</keyObject>
<referredKeyID>7C549658-4728-33D2-3436-36C2BE4FBC43</referredKeyID>
<mandatory>true</mandatory>
<refColNames>cust_id</refColNames>
<transferable>true</transferable>
<rely>false</rely>
<columnDependencyConstraintGenerateInDDL>true</columnDependencyConstraintGenerateInDDL>
</FKIndexAssociation>
