<?xml version = '1.0' encoding = 'UTF-8'?>
<FKIndexAssociation class="oracle.dbtools.crest.model.design.relational.FKIndexAssociation" directorySegmentName="seg_0" id="230DA954-000E-FCE3-0553-283BD624AE48" containerWithKeyObject="BEBE09AA-0F2F-4C79-9451-D0972372C716" localFKIndex="68926188-F83B-E43A-3338-6AD774C5A808" name="CHEF_ROOMEVAL">
<createdBy>Vincent</createdBy>
<createdTime>2023-04-05 14:02:45 UTC</createdTime>
<generatorID>E3C3A15E-9147-42DE-9874-4C0A1403B6DB</generatorID>
<ownerDesignName>mf_logical</ownerDesignName>
<referredTableLongName>CHEF</referredTableLongName>
<deleteRule>NO ACTION</deleteRule>
<referredTableID>8A8BA85C-3FEF-391A-8350-FDE65FF8A7D3</referredTableID>
<keyObject>97D74477-E18B-A065-757E-23556659A1FE</keyObject>
<referredKeyID>97D74477-E18B-A065-757E-23556659A1FE</referredKeyID>
<mandatory>true</mandatory>
<refColNames>chef_id</refColNames>
<transferable>true</transferable>
<rely>false</rely>
<columnDependencyConstraintGenerateInDDL>true</columnDependencyConstraintGenerateInDDL>
</FKIndexAssociation>
