<?xml version = '1.0' encoding = 'UTF-8'?>
<FKIndexAssociation class="oracle.dbtools.crest.model.design.relational.FKIndexAssociation" directorySegmentName="seg_0" id="24D2A697-42EC-E009-7EAE-766BDA477D20" containerWithKeyObject="BEBE09AA-0F2F-4C79-9451-D0972372C716" localFKIndex="11AA44D8-F067-52D3-5B3E-E37966589092" name="FROOM_EVALUATION">
<createdBy>Vincent</createdBy>
<createdTime>2023-04-05 14:02:45 UTC</createdTime>
<generatorID>C94398E9-E181-4248-D0BA-7C75E8829FCA</generatorID>
<ownerDesignName>mf_logical</ownerDesignName>
<referredTableLongName>FUNCTION_ROOM</referredTableLongName>
<deleteRule>NO ACTION</deleteRule>
<referredTableID>752A7C29-6A96-60D4-9C72-85B8A823CB99</referredTableID>
<keyObject>88A8B96E-E10E-C7A7-6778-C28FF60B4FB5</keyObject>
<referredKeyID>88A8B96E-E10E-C7A7-6778-C28FF60B4FB5</referredKeyID>
<mandatory>true</mandatory>
<refColNames>room_id</refColNames>
<transferable>true</transferable>
<rely>false</rely>
<columnDependencyConstraintGenerateInDDL>true</columnDependencyConstraintGenerateInDDL>
</FKIndexAssociation>
