<?xml version = '1.0' encoding = 'UTF-8'?>
<FKIndexAssociation class="oracle.dbtools.crest.model.design.relational.FKIndexAssociation" directorySegmentName="seg_0" id="4517BF83-02DE-4EC6-B5EE-C95B7A5B5958" containerWithKeyObject="74B009AD-338E-293D-D7F5-19D1ABFD2526" localFKIndex="C24C1395-EB72-CD68-86BD-2AA10526A3C9" name="CUSTOMER_PAYMENT">
<createdBy>Vincent</createdBy>
<createdTime>2023-04-05 14:02:45 UTC</createdTime>
<generatorID>2C2A86E2-ECFD-BA50-80EE-44F2DDFA4FC1</generatorID>
<ownerDesignName>mf_logical</ownerDesignName>
<referredTableLongName>CUSTOMER</referredTableLongName>
<deleteRule>NO ACTION</deleteRule>
<referredTableID>A2D25DBA-A670-22CC-04AF-63E7CA87E136</referredTableID>
<keyObject>7C549658-4728-33D2-3436-36C2BE4FBC43</keyObject>
<referredKeyID>7C549658-4728-33D2-3436-36C2BE4FBC43</referredKeyID>
<mandatory>true</mandatory>
<refColNames>cust_id</refColNames>
<transferable>true</transferable>
<rely>false</rely>
<columnDependencyConstraintGenerateInDDL>true</columnDependencyConstraintGenerateInDDL>
</FKIndexAssociation>
