<?xml version = '1.0' encoding = 'UTF-8'?>
<FKIndexAssociation class="oracle.dbtools.crest.model.design.relational.FKIndexAssociation" directorySegmentName="seg_0" id="60DBD94F-41BC-A4FA-0FA1-E40A4374CECC" containerWithKeyObject="14694059-928A-4A2A-F34D-DE45CB7503E1" localFKIndex="3C6D19CE-2433-E3F6-5748-A863875888EC" name="CUISINE_BOOKING">
<createdBy>Vincent</createdBy>
<createdTime>2023-04-05 14:02:45 UTC</createdTime>
<generatorID>14D31D62-5214-4B01-9C34-6C63AD0EBEA4</generatorID>
<ownerDesignName>mf_logical</ownerDesignName>
<referredTableLongName>CUISINE</referredTableLongName>
<deleteRule>NO ACTION</deleteRule>
<referredTableID>20F780CD-BB5C-3559-042A-096097E54837</referredTableID>
<keyObject>AA00933C-C68E-FF5C-56FA-7CE41DE4DAE5</keyObject>
<referredKeyID>AA00933C-C68E-FF5C-56FA-7CE41DE4DAE5</referredKeyID>
<mandatory>false</mandatory>
<refColNames>cuis_type</refColNames>
<transferable>true</transferable>
<rely>false</rely>
<columnDependencyConstraintGenerateInDDL>true</columnDependencyConstraintGenerateInDDL>
</FKIndexAssociation>
