<?xml version = '1.0' encoding = 'UTF-8'?>
<FKIndexAssociation class="oracle.dbtools.crest.model.design.relational.FKIndexAssociation" directorySegmentName="seg_0" id="74E6CCC3-0AED-76E0-5F72-CA804FA5749B" containerWithKeyObject="222137F9-E1A4-009D-FD63-2DE978956F0A" localFKIndex="41B0419C-413A-D8B9-7FA5-EF96A0820D85" name="FROOM_MAINTENANCE">
<createdBy>Vincent</createdBy>
<createdTime>2023-04-05 14:02:45 UTC</createdTime>
<generatorID>5AF99C10-0934-DE03-02A3-14231D1DF696</generatorID>
<ownerDesignName>mf_logical</ownerDesignName>
<referredTableLongName>FUNCTION_ROOM</referredTableLongName>
<deleteRule>NO ACTION</deleteRule>
<referredTableID>752A7C29-6A96-60D4-9C72-85B8A823CB99</referredTableID>
<keyObject>88A8B96E-E10E-C7A7-6778-C28FF60B4FB5</keyObject>
<referredKeyID>88A8B96E-E10E-C7A7-6778-C28FF60B4FB5</referredKeyID>
<mandatory>true</mandatory>
<refColNames>room_id</refColNames>
<transferable>true</transferable>
<rely>false</rely>
<columnDependencyConstraintGenerateInDDL>true</columnDependencyConstraintGenerateInDDL>
</FKIndexAssociation>
