<?xml version = '1.0' encoding = 'UTF-8'?>
<FKIndexAssociation class="oracle.dbtools.crest.model.design.relational.FKIndexAssociation" directorySegmentName="seg_0" id="9C6E13B5-4CC8-5DF2-483E-A5D9A653E6F5" containerWithKeyObject="F6FD2422-09BB-18F5-DF48-F96052E82C57" localFKIndex="02CF7FF1-A489-B39E-EE96-DE0F20CC09A0" name="CUISINE_SPEC">
<createdBy>Vincent</createdBy>
<createdTime>2023-04-05 14:02:45 UTC</createdTime>
<generatorID>1F95B61C-E038-9192-F316-290C134DB16C</generatorID>
<ownerDesignName>mf_logical</ownerDesignName>
<referredTableLongName>CUISINE</referredTableLongName>
<deleteRule>NO ACTION</deleteRule>
<referredTableID>20F780CD-BB5C-3559-042A-096097E54837</referredTableID>
<keyObject>AA00933C-C68E-FF5C-56FA-7CE41DE4DAE5</keyObject>
<referredKeyID>AA00933C-C68E-FF5C-56FA-7CE41DE4DAE5</referredKeyID>
<mandatory>true</mandatory>
<refColNames>cuis_type</refColNames>
<transferable>true</transferable>
<rely>false</rely>
<columnDependencyConstraintGenerateInDDL>true</columnDependencyConstraintGenerateInDDL>
</FKIndexAssociation>
