<?xml version = '1.0' encoding = 'UTF-8'?>
<FKIndexAssociation class="oracle.dbtools.crest.model.design.relational.FKIndexAssociation" directorySegmentName="seg_0" id="AE770065-8BF1-C32C-4A1D-242E3CC75804" containerWithKeyObject="14694059-928A-4A2A-F34D-DE45CB7503E1" localFKIndex="9DF12078-6A6A-DA50-777B-B776A34B3D1B" name="BOOKING_FUNCTIONROOM">
<createdBy>Vincent</createdBy>
<createdTime>2023-04-05 14:02:45 UTC</createdTime>
<generatorID>236A6EF6-9D54-3C19-864F-B6BA31D0FA2E</generatorID>
<ownerDesignName>mf_logical</ownerDesignName>
<referredTableLongName>FUNCTION_ROOM</referredTableLongName>
<deleteRule>NO ACTION</deleteRule>
<referredTableID>752A7C29-6A96-60D4-9C72-85B8A823CB99</referredTableID>
<keyObject>88A8B96E-E10E-C7A7-6778-C28FF60B4FB5</keyObject>
<referredKeyID>88A8B96E-E10E-C7A7-6778-C28FF60B4FB5</referredKeyID>
<mandatory>false</mandatory>
<refColNames>room_id</refColNames>
<transferable>true</transferable>
<rely>false</rely>
<columnDependencyConstraintGenerateInDDL>true</columnDependencyConstraintGenerateInDDL>
</FKIndexAssociation>
