<?xml version = '1.0' encoding = 'UTF-8'?>
<FKIndexAssociation class="oracle.dbtools.crest.model.design.relational.FKIndexAssociation" directorySegmentName="seg_0" id="AF7946DA-A19F-1770-94A6-231CC7494188" containerWithKeyObject="A8C67003-ABA1-388F-9730-D3ADB790009F" localFKIndex="C17178C5-4B02-1625-4596-196DA2DF55E5" name="ROOM_RATE_HISTORY">
<createdBy>Vincent</createdBy>
<createdTime>2023-04-05 14:02:45 UTC</createdTime>
<generatorID>34BF65D4-F71B-24F2-3AC9-59BE71E95E74</generatorID>
<ownerDesignName>mf_logical</ownerDesignName>
<referredTableLongName>FUNCTION_ROOM</referredTableLongName>
<deleteRule>NO ACTION</deleteRule>
<referredTableID>752A7C29-6A96-60D4-9C72-85B8A823CB99</referredTableID>
<keyObject>88A8B96E-E10E-C7A7-6778-C28FF60B4FB5</keyObject>
<referredKeyID>88A8B96E-E10E-C7A7-6778-C28FF60B4FB5</referredKeyID>
<mandatory>true</mandatory>
<refColNames>room_id</refColNames>
<transferable>true</transferable>
<rely>false</rely>
<columnDependencyConstraintGenerateInDDL>true</columnDependencyConstraintGenerateInDDL>
</FKIndexAssociation>
