<?xml version = '1.0' encoding = 'UTF-8'?>
<FKIndexAssociation class="oracle.dbtools.crest.model.design.relational.FKIndexAssociation" directorySegmentName="seg_0" id="C1B4008A-62B2-F195-D37C-13A9540F8B22" containerWithKeyObject="222137F9-E1A4-009D-FD63-2DE978956F0A" localFKIndex="19D2A50F-C5D2-F685-A2A3-4944510671C1" name="ROOMEVAL_MAINTENANCE">
<createdBy>Vincent</createdBy>
<createdTime>2023-04-05 14:02:45 UTC</createdTime>
<generatorID>82F4E683-F430-DB96-AFC8-B0D2D411871B</generatorID>
<ownerDesignName>mf_logical</ownerDesignName>
<referredTableLongName>ROOM_EVALUATION</referredTableLongName>
<deleteRule>NO ACTION</deleteRule>
<referredTableID>BEBE09AA-0F2F-4C79-9451-D0972372C716</referredTableID>
<keyObject>F7FC04BB-22FF-CA36-AD72-925D191E5554</keyObject>
<referredKeyID>F7FC04BB-22FF-CA36-AD72-925D191E5554</referredKeyID>
<mandatory>true</mandatory>
<refColNames>re_id</refColNames>
<transferable>true</transferable>
<rely>false</rely>
<columnDependencyConstraintGenerateInDDL>true</columnDependencyConstraintGenerateInDDL>
</FKIndexAssociation>
