<?xml version = '1.0' encoding = 'UTF-8'?>
<FKIndexAssociation class="oracle.dbtools.crest.model.design.relational.FKIndexAssociation" directorySegmentName="seg_0" id="D1C8DC94-2B35-8FFE-D33E-E519682AD916" containerWithKeyObject="832E7798-A2E4-5CD7-75F6-5569F097DC74" localFKIndex="BFC11174-FBE2-5114-95F9-8BC016416BAB" name="BOOKING_CHEF_ARRANGE">
<createdBy>Vincent</createdBy>
<createdTime>2023-04-05 14:02:45 UTC</createdTime>
<generatorID>E7762556-2712-CF5D-4687-D668D4A428A2</generatorID>
<ownerDesignName>mf_logical</ownerDesignName>
<referredTableLongName>BOOKING</referredTableLongName>
<deleteRule>NO ACTION</deleteRule>
<referredTableID>14694059-928A-4A2A-F34D-DE45CB7503E1</referredTableID>
<keyObject>7764D2A5-3DE6-B94F-428A-60906E79888A</keyObject>
<referredKeyID>7764D2A5-3DE6-B94F-428A-60906E79888A</referredKeyID>
<mandatory>true</mandatory>
<refColNames>book_id</refColNames>
<transferable>true</transferable>
<rely>false</rely>
<columnDependencyConstraintGenerateInDDL>true</columnDependencyConstraintGenerateInDDL>
</FKIndexAssociation>
