<?xml version = '1.0' encoding = 'UTF-8'?>
<FKIndexAssociation class="oracle.dbtools.crest.model.design.relational.FKIndexAssociation" directorySegmentName="seg_0" id="FA9FA258-74AE-3998-93F9-68A049E8C40D" containerWithKeyObject="832E7798-A2E4-5CD7-75F6-5569F097DC74" localFKIndex="56E7014B-50D8-F400-B448-BA7A01641DF4" name="CHEF_CHEFARRANGEMENT">
<createdBy>Vincent</createdBy>
<createdTime>2023-04-05 14:02:45 UTC</createdTime>
<generatorID>D1671A02-CB0B-E5F5-5C06-6EF87022378D</generatorID>
<ownerDesignName>mf_logical</ownerDesignName>
<referredTableLongName>CHEF</referredTableLongName>
<deleteRule>NO ACTION</deleteRule>
<referredTableID>8A8BA85C-3FEF-391A-8350-FDE65FF8A7D3</referredTableID>
<keyObject>97D74477-E18B-A065-757E-23556659A1FE</keyObject>
<referredKeyID>97D74477-E18B-A065-757E-23556659A1FE</referredKeyID>
<mandatory>true</mandatory>
<refColNames>chef_id</refColNames>
<transferable>true</transferable>
<rely>false</rely>
<columnDependencyConstraintGenerateInDDL>true</columnDependencyConstraintGenerateInDDL>
</FKIndexAssociation>
