/* ITO4132 MO 2022 TP3 Assignment 2 Task 1 Part A ANSWERS
   Student Name: Iris Wang
   Student ID: 33236364

   Comments to your marker:
   
*/

-- INSERT PATIENT DATA (20 patients) to table PATIENT
INSERT INTO patient VALUES(199980, 'Emma', 'Wilson', '123 Smith Street, Carlton VIC 3053', TO_DATE('14-Feb-1985', 'DD-Mon-YYYY'), '0412345678');
INSERT INTO patient VALUES(199981, 'Liam', 'Thompson', '456 High Street, Northcote VIC 3070', TO_DATE('28-Jul-1993', 'DD-Mon-YYYY'), '0423456789');
INSERT INTO patient VALUES(199982, 'Chloe', 'Roberts', '789 Lygon Street, Brunswick East VIC 3057', TO_DATE('03-Nov-1978', 'DD-Mon-YYYY'), '0434567890');
INSERT INTO patient VALUES(199983, 'Ethan', 'Baker', '10 Degraves Street, Melbourne VIC 3000', TO_DATE('19-Sep-1982', 'DD-Mon-YYYY'), '0445678901');
INSERT INTO patient VALUES(199984, 'Ava', 'Davis', '234 Queensberry Street, Carlton VIC 3053', TO_DATE('01-Jan-1990', 'DD-Mon-YYYY'), '0456789012');
INSERT INTO patient VALUES(199985, 'Jacob', 'Mitchell', '567 Sydney Road, Brunswick VIC 3056', TO_DATE('11-Jun-1975', 'DD-Mon-YYYY'), '0467890123');
INSERT INTO patient VALUES(199986, 'Isabella', 'Wright', '890 Rathdowne Street, Carlton North VIC 3054', TO_DATE('24-Dec-1988', 'DD-Mon-YYYY'), '0478901234');
INSERT INTO patient VALUES(199987, 'Noah', 'Campbell', '11 Flinders Lane, Melbourne VIC 3000', TO_DATE('09-Aug-1997', 'DD-Mon-YYYY'), '0489012345');
INSERT INTO patient VALUES(199988, 'Mia', 'Robinson', '345 Brunswick Street, Fitzroy VIC 3065', TO_DATE('07-Apr-1989', 'DD-Mon-YYYY'), '0490123456');
INSERT INTO patient VALUES(199989, 'Caleb', 'Reed', '678 Highett Street, Richmond VIC 3121', TO_DATE('22-May-1972', 'DD-Mon-YYYY'), '0401234567');
INSERT INTO patient VALUES(199990, 'Harper', 'Green', '901 Victoria Parade, East Melbourne VIC 3002', TO_DATE('18-Oct-1981', 'DD-Mon-YYYY'), '0412345678');
INSERT INTO patient VALUES(199991, 'Mason', 'Patel', '234 Bourke Street, Melbourne VIC 3000', TO_DATE('30-Mar-1995', 'DD-Mon-YYYY'), '0423456789');
INSERT INTO patient VALUES(199992, 'Abigail', 'Carter', '567 Swanston Street, Carlton VIC 3053', TO_DATE('16-Jul-1991', 'DD-Mon-YYYY'), '0434567890');
INSERT INTO patient VALUES(199993, 'Samuel', 'Collins', '890 Chapel Street, South Yarra VIC 3141', TO_DATE('02-Feb-1979', 'DD-Mon-YYYY'), '0445678901');
INSERT INTO patient VALUES(199994, 'Grace', 'Anderson', '12 Chapel Street, Prahran VIC 3181', TO_DATE('25-Nov-1984', 'DD-Mon-YYYY'), '0456789012');
INSERT INTO patient VALUES(199995, 'Lucas', 'Brown', '345 Toorak Road, South Yarra VIC 3141', TO_DATE('13-May-1992', 'DD-Mon-YYYY'), '0467890123');
INSERT INTO patient VALUES(199996, 'Lily', 'Johnson', '678 Glenferrie Road, Hawthorn VIC 3122', TO_DATE('08-Jan-1977', 'DD-Mon-YYYY'), '0478901234');
INSERT INTO patient VALUES(199997, 'Owen', 'Murphy', '901 Burke Road, Camberwell VIC 3124', TO_DATE('20-Aug-1983', 'DD-Mon-YYYY'), '0489012345');
INSERT INTO patient VALUES(199998, 'Madison', 'Smith', '234 Collins Street, Melbourne VIC 3000', TO_DATE('06-Jul-1998', 'DD-Mon-YYYY'), '0490123456');
INSERT INTO patient VALUES(199999, 'Jackson', 'Lee', '567 Little Collins Street, Melbourne VIC 3000', TO_DATE('12-Dec-1980', 'DD-Mon-YYYY'), '0401234567');

-- INSERT ADMISSION DATA (30 admissions) to table ADMISSION
INSERT INTO admission VALUES(187955, TO_DATE('24-Jan-2022 15:10', 'DD-Mon-YYYY HH24:MI'), TO_DATE('25-Jan-2022 15:00', 'DD-Mon-YYYY HH24:MI'), 199980, 1005);
INSERT INTO admission VALUES(133096, TO_DATE('05-Jan-2022 16:31', 'DD-Mon-YYYY HH24:MI'), TO_DATE('06-Jan-2022 16:00', 'DD-Mon-YYYY HH24:MI'), 199981, 1012);
INSERT INTO admission VALUES(193541, TO_DATE('27-Feb-2022 01:35', 'DD-Mon-YYYY HH24:MI'), TO_DATE('28-Feb-2022 01:30', 'DD-Mon-YYYY HH24:MI'), 199982, 1018);
INSERT INTO admission VALUES(135725, TO_DATE('07-Apr-2022 18:58', 'DD-Mon-YYYY HH24:MI'), TO_DATE('08-Apr-2022 18:03', 'DD-Mon-YYYY HH24:MI'), 199983, 1027);
INSERT INTO admission VALUES(166482, TO_DATE('16-Feb-2022 10:11', 'DD-Mon-YYYY HH24:MI'), TO_DATE('17-Feb-2022 10:30', 'DD-Mon-YYYY HH24:MI'), 199984, 1028);
INSERT INTO admission VALUES(109214, TO_DATE('02-Jan-2022 08:40', 'DD-Mon-YYYY HH24:MI'), TO_DATE('03-Jan-2022 08:40', 'DD-Mon-YYYY HH24:MI'), 199985, 1084);
INSERT INTO admission VALUES(124284, TO_DATE('02-Mar-2022 16:02', 'DD-Mon-YYYY HH24:MI'), TO_DATE('04-Mar-2022 16:02', 'DD-Mon-YYYY HH24:MI'), 199985, 1064);
INSERT INTO admission VALUES(164959, TO_DATE('11-Jan-2022 19:39', 'DD-Mon-YYYY HH24:MI'), TO_DATE('15-Jan-2022 19:39', 'DD-Mon-YYYY HH24:MI'), 199985, 2459);
INSERT INTO admission VALUES(193163, TO_DATE('26-Jan-2022 08:09', 'DD-Mon-YYYY HH24:MI'), TO_DATE('27-Jan-2022 08:22', 'DD-Mon-YYYY HH24:MI'), 199985, 1033);
INSERT INTO admission VALUES(173899, TO_DATE('20-Mar-2022 06:50', 'DD-Mon-YYYY HH24:MI'), TO_DATE('22-Mar-2022 06:59', 'DD-Mon-YYYY HH24:MI'), 199986, 1298);
INSERT INTO admission VALUES(146167, TO_DATE('07-Jan-2022 00:56', 'DD-Mon-YYYY HH24:MI'), TO_DATE('10-Jan-2022 14:18', 'DD-Mon-YYYY HH24:MI'), 199986, 1048);
INSERT INTO admission VALUES(166172, TO_DATE('13-Feb-2022 10:57', 'DD-Mon-YYYY HH24:MI'), TO_DATE('15-Feb-2022 10:50', 'DD-Mon-YYYY HH24:MI'), 199986, 1069);
INSERT INTO admission VALUES(166631, TO_DATE('18-Feb-2022 07:06', 'DD-Mon-YYYY HH24:MI'), TO_DATE('20-Feb-2022 17:06', 'DD-Mon-YYYY HH24:MI'), 199987, 1056);
INSERT INTO admission VALUES(197777, TO_DATE('28-Jan-2022 14:50', 'DD-Mon-YYYY HH24:MI'), TO_DATE('29-Jan-2022 14:50', 'DD-Mon-YYYY HH24:MI'), 199988, 1084);
INSERT INTO admission VALUES(104097, TO_DATE('02-Jan-2022 04:43', 'DD-Mon-YYYY HH24:MI'), TO_DATE('05-Jan-2022 14:40', 'DD-Mon-YYYY HH24:MI'), 199988, 1060);
INSERT INTO admission VALUES(148540, TO_DATE('07-Mar-2022 02:13', 'DD-Mon-YYYY HH24:MI'), TO_DATE('08-Mar-2022 02:13', 'DD-Mon-YYYY HH24:MI'), 199988, 1095);
INSERT INTO admission VALUES(154325, TO_DATE('10-Jan-2022 16:33', 'DD-Mon-YYYY HH24:MI'), TO_DATE('12-Jan-2022 16:36', 'DD-Mon-YYYY HH24:MI'), 199989, 1099);
INSERT INTO admission VALUES(173695, TO_DATE('18-Mar-2022 21:21', 'DD-Mon-YYYY HH24:MI'), TO_DATE('19-Mar-2022 21:21', 'DD-Mon-YYYY HH24:MI'), 199989, 1061);
INSERT INTO admission VALUES(148773, TO_DATE('08-Feb-2022 14:56', 'DD-Mon-YYYY HH24:MI'), TO_DATE('10-Feb-2022 14:56', 'DD-Mon-YYYY HH24:MI'), 199990, 1064);
INSERT INTO admission VALUES(170462, TO_DATE('18-Mar-2022 02:44', 'DD-Mon-YYYY HH24:MI'), TO_DATE('20-Mar-2022 02:44', 'DD-Mon-YYYY HH24:MI'), 199991, 1069);
INSERT INTO admission VALUES(151315, TO_DATE('09-Feb-2022 20:25', 'DD-Mon-YYYY HH24:MI'), TO_DATE('10-Feb-2022 20:25', 'DD-Mon-YYYY HH24:MI'), 199992, 7890);
INSERT INTO admission VALUES(156621, TO_DATE('10-Mar-2022 01:35', 'DD-Mon-YYYY HH24:MI'), TO_DATE('11-Mar-2022 01:35', 'DD-Mon-YYYY HH24:MI'), 199992, 1084);
INSERT INTO admission VALUES(125600, TO_DATE('05-Feb-2022 12:49', 'DD-Mon-YYYY HH24:MI'), TO_DATE('08-Feb-2022 12:49', 'DD-Mon-YYYY HH24:MI'), 199993, 1095);
INSERT INTO admission VALUES(163789, TO_DATE('11-Apr-2022 07:14', 'DD-Mon-YYYY HH24:MI'), TO_DATE('16-Apr-2022 07:14', 'DD-Mon-YYYY HH24:MI'), 199994, 1099);
INSERT INTO admission VALUES(125444, TO_DATE('05-Apr-2022 14:35', 'DD-Mon-YYYY HH24:MI'), TO_DATE('07-Apr-2022 14:35', 'DD-Mon-YYYY HH24:MI'), 199995, 1298);
INSERT INTO admission VALUES(150108, TO_DATE('09-Apr-2022 13:33', 'DD-Mon-YYYY HH24:MI'), TO_DATE('10-Apr-2022 13:33', 'DD-Mon-YYYY HH24:MI'), 199996, 7900);
INSERT INTO admission VALUES(176729, TO_DATE('01-Jun-2022 14:53', 'DD-Mon-YYYY HH24:MI'), Null, 199996, 2459);
INSERT INTO admission VALUES(122426, TO_DATE('02-Mar-2022 08:17', 'DD-Mon-YYYY HH24:MI'), TO_DATE('03-Mar-2022 08:17', 'DD-Mon-YYYY HH24:MI'), 199997, 7890);
INSERT INTO admission VALUES(141503, TO_DATE('07-Feb-2022 20:54', 'DD-Mon-YYYY HH24:MI'), TO_DATE('08-Feb-2022 20:54', 'DD-Mon-YYYY HH24:MI'), 199998, 7900);
INSERT INTO admission VALUES(190432, TO_DATE('25-Jan-2022 08:25', 'DD-Mon-YYYY HH24:MI'), TO_DATE('28-Jan-2022 08:25', 'DD-Mon-YYYY HH24:MI'), 199999, 1061);

-- INSERT ADMISSION PROCEDURE DATA (35 admission procedures) to table ADM_PRC
INSERT INTO adm_prc VALUES (1013564,TO_DATE('02-Jan-2022 07:43','DD-Mon-YYYY HH24:MI'), 230,182.33,104097,12055,1069,1069);
INSERT INTO adm_prc VALUES (1052903,TO_DATE('02-Jan-2022 10:40','DD-Mon-YYYY HH24:MI'), 70,0,109214,15509,2459,NULL);
INSERT INTO adm_prc VALUES (1080372,TO_DATE('02-Mar-2022 10:17','DD-Mon-YYYY HH24:MI'), 70,0,122426,15510,7890,NULL);
INSERT INTO adm_prc VALUES (1129876,TO_DATE('02-Mar-2022 18:00','DD-Mon-YYYY HH24:MI'), 210,0,124284,15511,1060,NULL);
INSERT INTO adm_prc VALUES (1162887,TO_DATE('04-Jan-2022 14:40','DD-Mon-YYYY HH24:MI'), 66,189.53,104097,19887,1069,1069);
INSERT INTO adm_prc VALUES (1198259,TO_DATE('05-Apr-2022 16:30','DD-Mon-YYYY HH24:MI'), 630,182.33,125444,27459,1060,1060);
INSERT INTO adm_prc VALUES (1233346,TO_DATE('05-Feb-2022 14:49','DD-Mon-YYYY HH24:MI'), 120,182.33,125600,29844,1061,1061);
INSERT INTO adm_prc VALUES (1277496,TO_DATE('05-Jan-2022 17:31','DD-Mon-YYYY HH24:MI'), 75,0,133096,32266,1061,NULL);
INSERT INTO adm_prc VALUES (1303854,TO_DATE('06-Feb-2022 12:49','DD-Mon-YYYY HH24:MI'), 70,3.98,125600,33335,1060,1060);
INSERT INTO adm_prc VALUES (1347265,TO_DATE('07-Apr-2022 19:58','DD-Mon-YYYY HH24:MI'), 50,0,135725,40099,1028,1028);
INSERT INTO adm_prc VALUES (1384309,TO_DATE('07-Feb-2022 21:54','DD-Mon-YYYY HH24:MI'), 30,0,141503,40100,1028,1028);
INSERT INTO adm_prc VALUES (1428756,TO_DATE('07-Jan-2022 02:56','DD-Mon-YYYY HH24:MI'), 366,0,146167,43111,1005,1005);
INSERT INTO adm_prc VALUES (1458463,TO_DATE('07-Mar-2022 04:13','DD-Mon-YYYY HH24:MI'), 399,0,148540,43112,1033,1033);
INSERT INTO adm_prc VALUES (1501163,TO_DATE('08-Feb-2022 16:56','DD-Mon-YYYY HH24:MI'), 125,0,148773,43114,1005,1005);
INSERT INTO adm_prc VALUES (1548384,TO_DATE('09-Apr-2022 14:33','DD-Mon-YYYY HH24:MI'), 245,365.48,150108,43556,1005,1005);
INSERT INTO adm_prc VALUES (1590325,TO_DATE('09-Feb-2022 21:25','DD-Mon-YYYY HH24:MI'), 355,123,151315,49518,1298,1298);
INSERT INTO adm_prc VALUES (1634818,TO_DATE('09-Jan-2022 14:18','DD-Mon-YYYY HH24:MI'), 244,0,146167,54132,1028,1028);
INSERT INTO adm_prc VALUES (1662433,TO_DATE('10-Jan-2022 17:36','DD-Mon-YYYY HH24:MI'), 30,0,154325,65554,1061,NULL);
INSERT INTO adm_prc VALUES (1712315,TO_DATE('10-Mar-2022 02:35','DD-Mon-YYYY HH24:MI'), 70,0,156621,71432,1033,1033);
INSERT INTO adm_prc VALUES (1750008,TO_DATE('11-Apr-2022 08:10','DD-Mon-YYYY HH24:MI'), 500,185.78,163789,17122,1056,1056);
INSERT INTO adm_prc VALUES (1794449,TO_DATE('11-Jan-2022 20:39','DD-Mon-YYYY HH24:MI'), 80,7.96,164959,33335,1060,1060);
INSERT INTO adm_prc VALUES (1836453,TO_DATE('13-Feb-2022 11:57','DD-Mon-YYYY HH24:MI'), 40,0,166172,40099,1028,1028);
INSERT INTO adm_prc VALUES (1877755,TO_DATE('13-Jan-2022 19:39','DD-Mon-YYYY HH24:MI'), 35,0,164959,40100,1028,1028);
INSERT INTO adm_prc VALUES (1916567,TO_DATE('14-Apr-2022 07:14','DD-Mon-YYYY HH24:MI'), 68,189.53,163789,19887,1069,1069);
INSERT INTO adm_prc VALUES (1956084,TO_DATE('16-Feb-2022 11:11','DD-Mon-YYYY HH24:MI'), 70.45,3.98,166482,33335,1060,1060);
INSERT INTO adm_prc VALUES (1995804,TO_DATE('18-Feb-2022 08:06','DD-Mon-YYYY HH24:MI'), 40,0,166631,40099,1028,1028);
INSERT INTO adm_prc VALUES (1043190,TO_DATE('18-Mar-2022 03:44','DD-Mon-YYYY HH24:MI'), 38,0,170462,40100,1028,1028);
INSERT INTO adm_prc VALUES (1081912,TO_DATE('18-Mar-2022 22:21','DD-Mon-YYYY HH24:MI'), 400,182.33,173695,43111,1005,1005);
INSERT INTO adm_prc VALUES (1117977,TO_DATE('20-Mar-2022 07:50','DD-Mon-YYYY HH24:MI'), 399,182.33,173899,43112,1033,1033);
INSERT INTO adm_prc VALUES (1153863,TO_DATE('02-Jun-2022 15:53','DD-Mon-YYYY HH24:MI'), 120.66,182.33,176729,43114,1005,1005);
INSERT INTO adm_prc VALUES (1191062,TO_DATE('24-Jan-2022 16:11','DD-Mon-YYYY HH24:MI'), 250,547.81,187955,43556,1005,1005);
INSERT INTO adm_prc VALUES (1233402,TO_DATE('25-Jan-2022 09:25','DD-Mon-YYYY HH24:MI'), 350,305.33,190432,49518,1298,1298);
INSERT INTO adm_prc VALUES (1272422,TO_DATE('26-Jan-2022 09:09','DD-Mon-YYYY HH24:MI'), 244,182.33,193163,54132,1028,1028);
INSERT INTO adm_prc VALUES (1317727,TO_DATE('27-Feb-2022 02:35','DD-Mon-YYYY HH24:MI'), 30,0,193541,65554,1061,NULL);
INSERT INTO adm_prc VALUES (1358146,TO_DATE('28-Jan-2022 16:50','DD-Mon-YYYY HH24:MI'), 68,0,197777,71432,1033,1033);

-- INSERT ITEM_TREATMENT DATA (20 items for treatment) to table ITEM_TREATMENT
INSERT INTO item_treatment VALUES(1590325,'KN056',1,123);
INSERT INTO item_treatment VALUES(1233402,'KN056',1,123);
INSERT INTO item_treatment VALUES(1303854,'CE001',1,3.98);
INSERT INTO item_treatment VALUES(1794449,'CE001',2,7.96);
INSERT INTO item_treatment VALUES(1956084,'CE001',1,3.98);
INSERT INTO item_treatment VALUES(1162887,'ST252',10,7.2);
INSERT INTO item_treatment VALUES(1916567,'ST252',10,7.2);
INSERT INTO item_treatment VALUES(1013564,'AN002',1,182.33);
INSERT INTO item_treatment VALUES(1750008,'AN002',1,182.33);
INSERT INTO item_treatment VALUES(1162887,'AN002',1,182.33);
INSERT INTO item_treatment VALUES(1916567,'AN002',1,182.33);
INSERT INTO item_treatment VALUES(1198259,'AN002',1,182.33);
INSERT INTO item_treatment VALUES(1750008,'NE001',1,3.45);
INSERT INTO item_treatment VALUES(1081912,'AN002',1,182.33);
INSERT INTO item_treatment VALUES(1117977,'AN002',1,182.33);
INSERT INTO item_treatment VALUES(1153863,'AN002',1,182.33);
INSERT INTO item_treatment VALUES(1191062,'AN002',1,182.33);
INSERT INTO item_treatment VALUES(1233402,'AN002',1,182.33);
INSERT INTO item_treatment VALUES(1272422,'AN002',1,182.33);
INSERT INTO item_treatment VALUES(1233346,'AN002',1,182.33);
INSERT INTO item_treatment VALUES(1548384,'BI500',1,365.48);
INSERT INTO item_treatment VALUES(1191062,'BI500',2,730.96);

commit;












