<?xml version = '1.0' encoding = 'UTF-8'?>
<relationalModel class="oracle.dbtools.crest.model.design.relational.RelationalDesign" name="mf_relational" id="0ADDD479-CD4B-9C12-63C9-013028AB8AE4" mainViewID="3D3EF611-39B2-96A5-A9FD-C819050CB350">
<createdBy>Vincent</createdBy>
<createdTime>2023-03-29 11:01:03 UTC</createdTime>
<ownerDesignName>mf_logical</ownerDesignName>
<shouldBeOpen>false</shouldBeOpen>
<selectedRDBMSSite>3FD120B5-9F4E-6278-D5E2-746D192C8319</selectedRDBMSSite>
</relationalModel>
