
-- SQLINES DEMO *** TA (20 patients) to table PATIENT
-- SQLINES LICENSE FOR EVALUATION USE ONLY
INSERT INTO patient VALUES(199980, 'Emma', 'Wilson', '123 Smith Street, Carlton VIC 3053', CONVERT(DATETIME, '14-Feb-1985'), '0412345678');
-- SQLINES LICENSE FOR EVALUATION USE ONLY
INSERT INTO patient VALUES(199981, 'Liam', 'Thompson', '456 High Street, Northcote VIC 3070', CONVERT(DATETIME, '28-Jul-1993'), '0423456789');
-- SQLINES LICENSE FOR EVALUATION USE ONLY
INSERT INTO patient VALUES(199982, 'Chloe', 'Roberts', '789 Lygon Street, Brunswick East VIC 3057', CONVERT(DATETIME, '03-Nov-1978'), '0434567890');
-- SQLINES LICENSE FOR EVALUATION USE ONLY
INSERT INTO patient VALUES(199983, 'Ethan', 'Baker', '10 Degraves Street, Melbourne VIC 3000', CONVERT(DATETIME, '19-Sep-1982'), '0445678901');
-- SQLINES LICENSE FOR EVALUATION USE ONLY
INSERT INTO patient VALUES(199984, 'Ava', 'Davis', '234 Queensberry Street, Carlton VIC 3053', CONVERT(DATETIME, '01-Jan-1990'), '0456789012');
-- SQLINES LICENSE FOR EVALUATION USE ONLY
INSERT INTO patient VALUES(199985, 'Jacob', 'Mitchell', '567 Sydney Road, Brunswick VIC 3056', CONVERT(DATETIME, '11-Jun-1975'), '0467890123');
-- SQLINES LICENSE FOR EVALUATION USE ONLY
INSERT INTO patient VALUES(199986, 'Isabella', 'Wright', '890 Rathdowne Street, Carlton North VIC 3054', CONVERT(DATETIME, '24-Dec-1988'), '0478901234');
-- SQLINES LICENSE FOR EVALUATION USE ONLY
INSERT INTO patient VALUES(199987, 'Noah', 'Campbell', '11 Flinders Lane, Melbourne VIC 3000', CONVERT(DATETIME, '09-Aug-1997'), '0489012345');
-- SQLINES LICENSE FOR EVALUATION USE ONLY
INSERT INTO patient VALUES(199988, 'Mia', 'Robinson', '345 Brunswick Street, Fitzroy VIC 3065', CONVERT(DATETIME, '07-Apr-1989'), '0490123456');
-- SQLINES LICENSE FOR EVALUATION USE ONLY
INSERT INTO patient VALUES(199989, 'Caleb', 'Reed', '678 Highett Street, Richmond VIC 3121', CONVERT(DATETIME, '22-May-1972'), '0401234567');
-- SQLINES LICENSE FOR EVALUATION USE ONLY
INSERT INTO patient VALUES(199990, 'Harper', 'Green', '901 Victoria Parade, East Melbourne VIC 3002', CONVERT(DATETIME, '18-Oct-1981'), '0412345678');
-- SQLINES LICENSE FOR EVALUATION USE ONLY
INSERT INTO patient VALUES(199991, 'Mason', 'Patel', '234 Bourke Street, Melbourne VIC 3000', CONVERT(DATETIME, '30-Mar-1995'), '0423456789');
-- SQLINES LICENSE FOR EVALUATION USE ONLY
INSERT INTO patient VALUES(199992, 'Abigail', 'Carter', '567 Swanston Street, Carlton VIC 3053', CONVERT(DATETIME, '16-Jul-1991'), '0434567890');
-- SQLINES LICENSE FOR EVALUATION USE ONLY
INSERT INTO patient VALUES(199993, 'Samuel', 'Collins', '890 Chapel Street, South Yarra VIC 3141', CONVERT(DATETIME, '02-Feb-1979'), '0445678901');
-- SQLINES LICENSE FOR EVALUATION USE ONLY
INSERT INTO patient VALUES(199994, 'Grace', 'Anderson', '12 Chapel Street, Prahran VIC 3181', CONVERT(DATETIME, '25-Nov-1984'), '0456789012');
-- SQLINES LICENSE FOR EVALUATION USE ONLY
INSERT INTO patient VALUES(199995, 'Lucas', 'Brown', '345 Toorak Road, South Yarra VIC 3141', CONVERT(DATETIME, '13-May-1992'), '0467890123');
-- SQLINES LICENSE FOR EVALUATION USE ONLY
INSERT INTO patient VALUES(199996, 'Lily', 'Johnson', '678 Glenferrie Road, Hawthorn VIC 3122', CONVERT(DATETIME, '08-Jan-1977'), '0478901234');
-- SQLINES LICENSE FOR EVALUATION USE ONLY
INSERT INTO patient VALUES(199997, 'Owen', 'Murphy', '901 Burke Road, Camberwell VIC 3124', CONVERT(DATETIME, '20-Aug-1983'), '0489012345');
-- SQLINES LICENSE FOR EVALUATION USE ONLY
INSERT INTO patient VALUES(199998, 'Madison', 'Smith', '234 Collins Street, Melbourne VIC 3000', CONVERT(DATETIME, '06-Jul-1998'), '0490123456');
-- SQLINES LICENSE FOR EVALUATION USE ONLY
INSERT INTO patient VALUES(199999, 'Jackson', 'Lee', '567 Little Collins Street, Melbourne VIC 3000', CONVERT(DATETIME, '12-Dec-1980'), '0401234567');

-- SQLINES DEMO *** DATA (30 admissions) to table ADMISSION
-- SQLINES LICENSE FOR EVALUATION USE ONLY
INSERT INTO admission VALUES(187955, CONVERT(DATETIME, '24-Jan-2022 15:10', 'DD-Mon-YYYY HH24:MI'), CONVERT(DATETIME, '25-Jan-2022 15:00', 'DD-Mon-YYYY HH24:MI'), 199980, 1005);
-- SQLINES LICENSE FOR EVALUATION USE ONLY
INSERT INTO admission VALUES(133096, CONVERT(DATETIME, '05-Jan-2022 16:31', 'DD-Mon-YYYY HH24:MI'), CONVERT(DATETIME, '06-Jan-2022 16:00', 'DD-Mon-YYYY HH24:MI'), 199981, 1012);
-- SQLINES LICENSE FOR EVALUATION USE ONLY
INSERT INTO admission VALUES(193541, CONVERT(DATETIME, '27-Feb-2022 01:35', 'DD-Mon-YYYY HH24:MI'), CONVERT(DATETIME, '28-Feb-2022 01:30', 'DD-Mon-YYYY HH24:MI'), 199982, 1018);
-- SQLINES LICENSE FOR EVALUATION USE ONLY
INSERT INTO admission VALUES(135725, CONVERT(DATETIME, '07-Apr-2022 18:58', 'DD-Mon-YYYY HH24:MI'), CONVERT(DATETIME, '08-Apr-2022 18:03', 'DD-Mon-YYYY HH24:MI'), 199983, 1027);
-- SQLINES LICENSE FOR EVALUATION USE ONLY
INSERT INTO admission VALUES(166482, CONVERT(DATETIME, '16-Feb-2022 10:11', 'DD-Mon-YYYY HH24:MI'), CONVERT(DATETIME, '17-Feb-2022 10:30', 'DD-Mon-YYYY HH24:MI'), 199984, 1028);
-- SQLINES LICENSE FOR EVALUATION USE ONLY
INSERT INTO admission VALUES(109214, CONVERT(DATETIME, '02-Jan-2022 08:40', 'DD-Mon-YYYY HH24:MI'), CONVERT(DATETIME, '03-Jan-2022 08:40', 'DD-Mon-YYYY HH24:MI'), 199985, 1084);
-- SQLINES LICENSE FOR EVALUATION USE ONLY
INSERT INTO admission VALUES(124284, CONVERT(DATETIME, '02-Mar-2022 16:02', 'DD-Mon-YYYY HH24:MI'), CONVERT(DATETIME, '04-Mar-2022 16:02', 'DD-Mon-YYYY HH24:MI'), 199985, 1064);
-- SQLINES LICENSE FOR EVALUATION USE ONLY
INSERT INTO admission VALUES(164959, CONVERT(DATETIME, '11-Jan-2022 19:39', 'DD-Mon-YYYY HH24:MI'), CONVERT(DATETIME, '15-Jan-2022 19:39', 'DD-Mon-YYYY HH24:MI'), 199985, 2459);
-- SQLINES LICENSE FOR EVALUATION USE ONLY
INSERT INTO admission VALUES(193163, CONVERT(DATETIME, '26-Jan-2022 08:09', 'DD-Mon-YYYY HH24:MI'), CONVERT(DATETIME, '27-Jan-2022 08:22', 'DD-Mon-YYYY HH24:MI'), 199985, 1033);
-- SQLINES LICENSE FOR EVALUATION USE ONLY
INSERT INTO admission VALUES(173899, CONVERT(DATETIME, '20-Mar-2022 06:50', 'DD-Mon-YYYY HH24:MI'), CONVERT(DATETIME, '22-Mar-2022 06:59', 'DD-Mon-YYYY HH24:MI'), 199986, 1298);
-- SQLINES LICENSE FOR EVALUATION USE ONLY
INSERT INTO admission VALUES(146167, CONVERT(DATETIME, '07-Jan-2022 00:56', 'DD-Mon-YYYY HH24:MI'), CONVERT(DATETIME, '10-Jan-2022 14:18', 'DD-Mon-YYYY HH24:MI'), 199986, 1048);
-- SQLINES LICENSE FOR EVALUATION USE ONLY
INSERT INTO admission VALUES(166172, CONVERT(DATETIME, '13-Feb-2022 10:57', 'DD-Mon-YYYY HH24:MI'), CONVERT(DATETIME, '15-Feb-2022 10:50', 'DD-Mon-YYYY HH24:MI'), 199986, 1069);
-- SQLINES LICENSE FOR EVALUATION USE ONLY
INSERT INTO admission VALUES(166631, CONVERT(DATETIME, '18-Feb-2022 07:06', 'DD-Mon-YYYY HH24:MI'), CONVERT(DATETIME, '20-Feb-2022 17:06', 'DD-Mon-YYYY HH24:MI'), 199987, 1056);
-- SQLINES LICENSE FOR EVALUATION USE ONLY
INSERT INTO admission VALUES(197777, CONVERT(DATETIME, '28-Jan-2022 14:50', 'DD-Mon-YYYY HH24:MI'), CONVERT(DATETIME, '29-Jan-2022 14:50', 'DD-Mon-YYYY HH24:MI'), 199988, 1084);
-- SQLINES LICENSE FOR EVALUATION USE ONLY
INSERT INTO admission VALUES(104097, CONVERT(DATETIME, '02-Jan-2022 04:43', 'DD-Mon-YYYY HH24:MI'), CONVERT(DATETIME, '05-Jan-2022 14:40', 'DD-Mon-YYYY HH24:MI'), 199988, 1060);
-- SQLINES LICENSE FOR EVALUATION USE ONLY
INSERT INTO admission VALUES(148540, CONVERT(DATETIME, '07-Mar-2022 02:13', 'DD-Mon-YYYY HH24:MI'), CONVERT(DATETIME, '08-Mar-2022 02:13', 'DD-Mon-YYYY HH24:MI'), 199988, 1095);
-- SQLINES LICENSE FOR EVALUATION USE ONLY
INSERT INTO admission VALUES(154325, CONVERT(DATETIME, '10-Jan-2022 16:33', 'DD-Mon-YYYY HH24:MI'), CONVERT(DATETIME, '12-Jan-2022 16:36', 'DD-Mon-YYYY HH24:MI'), 199989, 1099);
-- SQLINES LICENSE FOR EVALUATION USE ONLY
INSERT INTO admission VALUES(173695, CONVERT(DATETIME, '18-Mar-2022 21:21', 'DD-Mon-YYYY HH24:MI'), CONVERT(DATETIME, '19-Mar-2022 21:21', 'DD-Mon-YYYY HH24:MI'), 199989, 1061);
-- SQLINES LICENSE FOR EVALUATION USE ONLY
INSERT INTO admission VALUES(148773, CONVERT(DATETIME, '08-Feb-2022 14:56', 'DD-Mon-YYYY HH24:MI'), CONVERT(DATETIME, '10-Feb-2022 14:56', 'DD-Mon-YYYY HH24:MI'), 199990, 1064);
-- SQLINES LICENSE FOR EVALUATION USE ONLY
INSERT INTO admission VALUES(170462, CONVERT(DATETIME, '18-Mar-2022 02:44', 'DD-Mon-YYYY HH24:MI'), CONVERT(DATETIME, '20-Mar-2022 02:44', 'DD-Mon-YYYY HH24:MI'), 199991, 1069);
-- SQLINES LICENSE FOR EVALUATION USE ONLY
INSERT INTO admission VALUES(151315, CONVERT(DATETIME, '09-Feb-2022 20:25', 'DD-Mon-YYYY HH24:MI'), CONVERT(DATETIME, '10-Feb-2022 20:25', 'DD-Mon-YYYY HH24:MI'), 199992, 7890);
-- SQLINES LICENSE FOR EVALUATION USE ONLY
INSERT INTO admission VALUES(156621, CONVERT(DATETIME, '10-Mar-2022 01:35', 'DD-Mon-YYYY HH24:MI'), CONVERT(DATETIME, '11-Mar-2022 01:35', 'DD-Mon-YYYY HH24:MI'), 199992, 1084);
-- SQLINES LICENSE FOR EVALUATION USE ONLY
INSERT INTO admission VALUES(125600, CONVERT(DATETIME, '05-Feb-2022 12:49', 'DD-Mon-YYYY HH24:MI'), CONVERT(DATETIME, '08-Feb-2022 12:49', 'DD-Mon-YYYY HH24:MI'), 199993, 1095);
-- SQLINES LICENSE FOR EVALUATION USE ONLY
INSERT INTO admission VALUES(163789, CONVERT(DATETIME, '11-Apr-2022 07:14', 'DD-Mon-YYYY HH24:MI'), CONVERT(DATETIME, '16-Apr-2022 07:14', 'DD-Mon-YYYY HH24:MI'), 199994, 1099);
-- SQLINES LICENSE FOR EVALUATION USE ONLY
INSERT INTO admission VALUES(125444, CONVERT(DATETIME, '05-Apr-2022 14:35', 'DD-Mon-YYYY HH24:MI'), CONVERT(DATETIME, '07-Apr-2022 14:35', 'DD-Mon-YYYY HH24:MI'), 199995, 1298);
-- SQLINES LICENSE FOR EVALUATION USE ONLY
INSERT INTO admission VALUES(150108, CONVERT(DATETIME, '09-Apr-2022 13:33', 'DD-Mon-YYYY HH24:MI'), CONVERT(DATETIME, '10-Apr-2022 13:33', 'DD-Mon-YYYY HH24:MI'), 199996, 7900);
-- SQLINES LICENSE FOR EVALUATION USE ONLY
INSERT INTO admission VALUES(176729, CONVERT(DATETIME, '01-Jun-2022 14:53', 'DD-Mon-YYYY HH24:MI'), Null, 199996, 2459);
-- SQLINES LICENSE FOR EVALUATION USE ONLY
INSERT INTO admission VALUES(122426, CONVERT(DATETIME, '02-Mar-2022 08:17', 'DD-Mon-YYYY HH24:MI'), CONVERT(DATETIME, '03-Mar-2022 08:17', 'DD-Mon-YYYY HH24:MI'), 199997, 7890);
-- SQLINES LICENSE FOR EVALUATION USE ONLY
INSERT INTO admission VALUES(141503, CONVERT(DATETIME, '07-Feb-2022 20:54', 'DD-Mon-YYYY HH24:MI'), CONVERT(DATETIME, '08-Feb-2022 20:54', 'DD-Mon-YYYY HH24:MI'), 199998, 7900);
-- SQLINES LICENSE FOR EVALUATION USE ONLY
INSERT INTO admission VALUES(190432, CONVERT(DATETIME, '25-Jan-2022 08:25', 'DD-Mon-YYYY HH24:MI'), CONVERT(DATETIME, '28-Jan-2022 08:25', 'DD-Mon-YYYY HH24:MI'), 199999, 1061);

-- SQLINES DEMO *** PROCEDURE DATA (35 admission procedures) to table ADM_PRC
-- SQLINES LICENSE FOR EVALUATION USE ONLY
INSERT INTO adm_prc VALUES (1013564,CONVERT(DATETIME, '02-Jan-2022 07:43','DD-Mon-YYYY HH24:MI'), 230,182.33,104097,12055,1069,1069);
-- SQLINES LICENSE FOR EVALUATION USE ONLY
INSERT INTO adm_prc VALUES (1052903,CONVERT(DATETIME, '02-Jan-2022 10:40','DD-Mon-YYYY HH24:MI'), 70,0,109214,15509,2459,NULL);
-- SQLINES LICENSE FOR EVALUATION USE ONLY
INSERT INTO adm_prc VALUES (1080372,CONVERT(DATETIME, '02-Mar-2022 10:17','DD-Mon-YYYY HH24:MI'), 70,0,122426,15510,7890,NULL);
-- SQLINES LICENSE FOR EVALUATION USE ONLY
INSERT INTO adm_prc VALUES (1129876,CONVERT(DATETIME, '02-Mar-2022 18:00','DD-Mon-YYYY HH24:MI'), 210,0,124284,15511,1060,NULL);
-- SQLINES LICENSE FOR EVALUATION USE ONLY
INSERT INTO adm_prc VALUES (1162887,CONVERT(DATETIME, '04-Jan-2022 14:40','DD-Mon-YYYY HH24:MI'), 66,189.53,104097,19887,1069,1069);
-- SQLINES LICENSE FOR EVALUATION USE ONLY
INSERT INTO adm_prc VALUES (1198259,CONVERT(DATETIME, '05-Apr-2022 16:30','DD-Mon-YYYY HH24:MI'), 630,182.33,125444,27459,1060,1060);
-- SQLINES LICENSE FOR EVALUATION USE ONLY
INSERT INTO adm_prc VALUES (1233346,CONVERT(DATETIME, '05-Feb-2022 14:49','DD-Mon-YYYY HH24:MI'), 120,182.33,125600,29844,1061,1061);
-- SQLINES LICENSE FOR EVALUATION USE ONLY
INSERT INTO adm_prc VALUES (1277496,CONVERT(DATETIME, '05-Jan-2022 17:31','DD-Mon-YYYY HH24:MI'), 75,0,133096,32266,1061,NULL);
-- SQLINES LICENSE FOR EVALUATION USE ONLY
INSERT INTO adm_prc VALUES (1303854,CONVERT(DATETIME, '06-Feb-2022 12:49','DD-Mon-YYYY HH24:MI'), 70,3.98,125600,33335,1060,1060);
-- SQLINES LICENSE FOR EVALUATION USE ONLY
INSERT INTO adm_prc VALUES (1347265,CONVERT(DATETIME, '07-Apr-2022 19:58','DD-Mon-YYYY HH24:MI'), 50,0,135725,40099,1028,1028);
-- SQLINES LICENSE FOR EVALUATION USE ONLY
INSERT INTO adm_prc VALUES (1384309,CONVERT(DATETIME, '07-Feb-2022 21:54','DD-Mon-YYYY HH24:MI'), 30,0,141503,40100,1028,1028);
-- SQLINES LICENSE FOR EVALUATION USE ONLY
INSERT INTO adm_prc VALUES (1428756,CONVERT(DATETIME, '07-Jan-2022 02:56','DD-Mon-YYYY HH24:MI'), 366,0,146167,43111,1005,1005);
-- SQLINES LICENSE FOR EVALUATION USE ONLY
INSERT INTO adm_prc VALUES (1458463,CONVERT(DATETIME, '07-Mar-2022 04:13','DD-Mon-YYYY HH24:MI'), 399,0,148540,43112,1033,1033);
-- SQLINES LICENSE FOR EVALUATION USE ONLY
INSERT INTO adm_prc VALUES (1501163,CONVERT(DATETIME, '08-Feb-2022 16:56','DD-Mon-YYYY HH24:MI'), 125,0,148773,43114,1005,1005);
-- SQLINES LICENSE FOR EVALUATION USE ONLY
INSERT INTO adm_prc VALUES (1548384,CONVERT(DATETIME, '09-Apr-2022 14:33','DD-Mon-YYYY HH24:MI'), 245,365.48,150108,43556,1005,1005);
-- SQLINES LICENSE FOR EVALUATION USE ONLY
INSERT INTO adm_prc VALUES (1590325,CONVERT(DATETIME, '09-Feb-2022 21:25','DD-Mon-YYYY HH24:MI'), 355,123,151315,49518,1298,1298);
-- SQLINES LICENSE FOR EVALUATION USE ONLY
INSERT INTO adm_prc VALUES (1634818,CONVERT(DATETIME, '09-Jan-2022 14:18','DD-Mon-YYYY HH24:MI'), 244,0,146167,54132,1028,1028);
-- SQLINES LICENSE FOR EVALUATION USE ONLY
INSERT INTO adm_prc VALUES (1662433,CONVERT(DATETIME, '10-Jan-2022 17:36','DD-Mon-YYYY HH24:MI'), 30,0,154325,65554,1061,NULL);
-- SQLINES LICENSE FOR EVALUATION USE ONLY
INSERT INTO adm_prc VALUES (1712315,CONVERT(DATETIME, '10-Mar-2022 02:35','DD-Mon-YYYY HH24:MI'), 70,0,156621,71432,1033,1033);
-- SQLINES LICENSE FOR EVALUATION USE ONLY
INSERT INTO adm_prc VALUES (1750008,CONVERT(DATETIME, '11-Apr-2022 08:10','DD-Mon-YYYY HH24:MI'), 500,185.78,163789,17122,1056,1056);
-- SQLINES LICENSE FOR EVALUATION USE ONLY
INSERT INTO adm_prc VALUES (1794449,CONVERT(DATETIME, '11-Jan-2022 20:39','DD-Mon-YYYY HH24:MI'), 80,7.96,164959,33335,1060,1060);
-- SQLINES LICENSE FOR EVALUATION USE ONLY
INSERT INTO adm_prc VALUES (1836453,CONVERT(DATETIME, '13-Feb-2022 11:57','DD-Mon-YYYY HH24:MI'), 40,0,166172,40099,1028,1028);
-- SQLINES LICENSE FOR EVALUATION USE ONLY
INSERT INTO adm_prc VALUES (1877755,CONVERT(DATETIME, '13-Jan-2022 19:39','DD-Mon-YYYY HH24:MI'), 35,0,164959,40100,1028,1028);
-- SQLINES LICENSE FOR EVALUATION USE ONLY
INSERT INTO adm_prc VALUES (1916567,CONVERT(DATETIME, '14-Apr-2022 07:14','DD-Mon-YYYY HH24:MI'), 68,189.53,163789,19887,1069,1069);
-- SQLINES LICENSE FOR EVALUATION USE ONLY
INSERT INTO adm_prc VALUES (1956084,CONVERT(DATETIME, '16-Feb-2022 11:11','DD-Mon-YYYY HH24:MI'), 70.45,3.98,166482,33335,1060,1060);
-- SQLINES LICENSE FOR EVALUATION USE ONLY
INSERT INTO adm_prc VALUES (1995804,CONVERT(DATETIME, '18-Feb-2022 08:06','DD-Mon-YYYY HH24:MI'), 40,0,166631,40099,1028,1028);
-- SQLINES LICENSE FOR EVALUATION USE ONLY
INSERT INTO adm_prc VALUES (1043190,CONVERT(DATETIME, '18-Mar-2022 03:44','DD-Mon-YYYY HH24:MI'), 38,0,170462,40100,1028,1028);
-- SQLINES LICENSE FOR EVALUATION USE ONLY
INSERT INTO adm_prc VALUES (1081912,CONVERT(DATETIME, '18-Mar-2022 22:21','DD-Mon-YYYY HH24:MI'), 400,182.33,173695,43111,1005,1005);
-- SQLINES LICENSE FOR EVALUATION USE ONLY
INSERT INTO adm_prc VALUES (1117977,CONVERT(DATETIME, '20-Mar-2022 07:50','DD-Mon-YYYY HH24:MI'), 399,182.33,173899,43112,1033,1033);
-- SQLINES LICENSE FOR EVALUATION USE ONLY
INSERT INTO adm_prc VALUES (1153863,CONVERT(DATETIME, '02-Jun-2022 15:53','DD-Mon-YYYY HH24:MI'), 120.66,182.33,176729,43114,1005,1005);
-- SQLINES LICENSE FOR EVALUATION USE ONLY
INSERT INTO adm_prc VALUES (1191062,CONVERT(DATETIME, '24-Jan-2022 16:11','DD-Mon-YYYY HH24:MI'), 250,547.81,187955,43556,1005,1005);
-- SQLINES LICENSE FOR EVALUATION USE ONLY
INSERT INTO adm_prc VALUES (1233402,CONVERT(DATETIME, '25-Jan-2022 09:25','DD-Mon-YYYY HH24:MI'), 350,305.33,190432,49518,1298,1298);
-- SQLINES LICENSE FOR EVALUATION USE ONLY
INSERT INTO adm_prc VALUES (1272422,CONVERT(DATETIME, '26-Jan-2022 09:09','DD-Mon-YYYY HH24:MI'), 244,182.33,193163,54132,1028,1028);
-- SQLINES LICENSE FOR EVALUATION USE ONLY
INSERT INTO adm_prc VALUES (1317727,CONVERT(DATETIME, '27-Feb-2022 02:35','DD-Mon-YYYY HH24:MI'), 30,0,193541,65554,1061,NULL);
-- SQLINES LICENSE FOR EVALUATION USE ONLY
INSERT INTO adm_prc VALUES (1358146,CONVERT(DATETIME, '28-Jan-2022 16:50','DD-Mon-YYYY HH24:MI'), 68,0,197777,71432,1033,1033);

-- SQLINES DEMO *** MENT DATA (20 items for treatment) to table ITEM_TREATMENT
-- SQLINES LICENSE FOR EVALUATION USE ONLY
INSERT INTO item_treatment VALUES(1590325,'KN056',1,123);
-- SQLINES LICENSE FOR EVALUATION USE ONLY
INSERT INTO item_treatment VALUES(1233402,'KN056',1,123);
-- SQLINES LICENSE FOR EVALUATION USE ONLY
INSERT INTO item_treatment VALUES(1303854,'CE001',1,3.98);
-- SQLINES LICENSE FOR EVALUATION USE ONLY
INSERT INTO item_treatment VALUES(1794449,'CE001',2,7.96);
-- SQLINES LICENSE FOR EVALUATION USE ONLY
INSERT INTO item_treatment VALUES(1956084,'CE001',1,3.98);
-- SQLINES LICENSE FOR EVALUATION USE ONLY
INSERT INTO item_treatment VALUES(1162887,'ST252',10,7.2);
-- SQLINES LICENSE FOR EVALUATION USE ONLY
INSERT INTO item_treatment VALUES(1916567,'ST252',10,7.2);
-- SQLINES LICENSE FOR EVALUATION USE ONLY
INSERT INTO item_treatment VALUES(1013564,'AN002',1,182.33);
-- SQLINES LICENSE FOR EVALUATION USE ONLY
INSERT INTO item_treatment VALUES(1750008,'AN002',1,182.33);
-- SQLINES LICENSE FOR EVALUATION USE ONLY
INSERT INTO item_treatment VALUES(1162887,'AN002',1,182.33);
-- SQLINES LICENSE FOR EVALUATION USE ONLY
INSERT INTO item_treatment VALUES(1916567,'AN002',1,182.33);
-- SQLINES LICENSE FOR EVALUATION USE ONLY
INSERT INTO item_treatment VALUES(1198259,'AN002',1,182.33);
-- SQLINES LICENSE FOR EVALUATION USE ONLY
INSERT INTO item_treatment VALUES(1750008,'NE001',1,3.45);
-- SQLINES LICENSE FOR EVALUATION USE ONLY
INSERT INTO item_treatment VALUES(1081912,'AN002',1,182.33);
-- SQLINES LICENSE FOR EVALUATION USE ONLY
INSERT INTO item_treatment VALUES(1117977,'AN002',1,182.33);
-- SQLINES LICENSE FOR EVALUATION USE ONLY
INSERT INTO item_treatment VALUES(1153863,'AN002',1,182.33);
-- SQLINES LICENSE FOR EVALUATION USE ONLY
INSERT INTO item_treatment VALUES(1191062,'AN002',1,182.33);
-- SQLINES LICENSE FOR EVALUATION USE ONLY
INSERT INTO item_treatment VALUES(1233402,'AN002',1,182.33);
-- SQLINES LICENSE FOR EVALUATION USE ONLY
INSERT INTO item_treatment VALUES(1272422,'AN002',1,182.33);
-- SQLINES LICENSE FOR EVALUATION USE ONLY
INSERT INTO item_treatment VALUES(1233346,'AN002',1,182.33);
-- SQLINES LICENSE FOR EVALUATION USE ONLY
INSERT INTO item_treatment VALUES(1548384,'BI500',1,365.48);
-- SQLINES LICENSE FOR EVALUATION USE ONLY
INSERT INTO item_treatment VALUES(1191062,'BI500',2,730.96);

commit;












