<?xml version = '1.0' encoding = 'UTF-8'?>
<Entity class="oracle.dbtools.crest.model.design.logical.Entity" directorySegmentName="seg_0" id="11D85976-35BA-871A-EAF5-44E4FC8179E6" name="CHEF_ARRANGEMENT">
<createdBy>Vincent</createdBy>
<createdTime>2023-03-22 13:46:59 UTC</createdTime>
<ownerDesignName>mf_logical</ownerDesignName>
<engineerTo>
<item key="0ADDD479-CD4B-9C12-63C9-013028AB8AE4" value="true"/>
</engineerTo>
<adequatelyNormalized>NO</adequatelyNormalized>
<expectedVolumes>0</expectedVolumes>
<fwdEngineeringStrategyName>Single Table</fwdEngineeringStrategyName>
<growthPercent>0</growthPercent>
<growthType>Year</growthType>
<maxVolumes>9999999</maxVolumes>
<minVolumes>0</minVolumes>
<normalForm>Third</normalForm>
<attributes itemClass="oracle.dbtools.crest.model.design.logical.Attribute">
<Attribute name="book_id" id="03158037-9D46-E9A7-B214-6F7F84BB3256">
<createdBy>Vincent</createdBy>
<createdTime>2023-03-26 01:34:16 UTC</createdTime>
<commentInRDBMS><![CDATA[Booking ID]]></commentInRDBMS>
<generatorID>E7762556-2712-CF5D-4687-D668D4A428A2</generatorID>
<ownerDesignName>mf_logical</ownerDesignName>
<engineerTo>
<item key="0ADDD479-CD4B-9C12-63C9-013028AB8AE4" value="true"/>
</engineerTo>
<referedAttribute>3C5224EC-A9D8-FC5F-1F9B-FA52751476AB</referedAttribute>
<useDomainConstraints>false</useDomainConstraints>
<use>1</use>
<logicalDatatype>LOGDT019</logicalDatatype>
<dataTypePrecision>7</dataTypePrecision>
<ownDataTypeParameters>,,</ownDataTypeParameters>
</Attribute>
<Attribute name="chef_id" id="F1FD33FC-FB55-F03A-DB86-F02BA9F4B120">
<createdBy>Vincent</createdBy>
<createdTime>2023-03-22 15:07:21 UTC</createdTime>
<commentInRDBMS><![CDATA[Chef ID]]></commentInRDBMS>
<generatorID>D1671A02-CB0B-E5F5-5C06-6EF87022378D</generatorID>
<ownerDesignName>mf_logical</ownerDesignName>
<engineerTo>
<item key="0ADDD479-CD4B-9C12-63C9-013028AB8AE4" value="true"/>
</engineerTo>
<referedAttribute>7924DD4C-F027-E71C-F0B7-BC66FDB6ECEB</referedAttribute>
<useDomainConstraints>false</useDomainConstraints>
<use>1</use>
<logicalDatatype>LOGDT019</logicalDatatype>
<dataTypePrecision>7</dataTypePrecision>
<ownDataTypeParameters>,7,</ownDataTypeParameters>
</Attribute>
</attributes>
<identifiers itemClass="oracle.dbtools.crest.model.design.logical.CandidateKey">
<identifier id="B7E67E81-6C7F-6EF6-3F38-B713FED6D189" name="CHEF_ARRANGEMENT PK">
<createdBy>Vincent</createdBy>
<createdTime>2023-03-22 13:49:48 UTC</createdTime>
<ownerDesignName>mf_logical</ownerDesignName>
<engineerTo>
<item key="0ADDD479-CD4B-9C12-63C9-013028AB8AE4" value="true"/>
</engineerTo>
<pk>true</pk>
<usedAttributes>
<attributeRef>F1FD33FC-FB55-F03A-DB86-F02BA9F4B120</attributeRef>
<attributeRef>03158037-9D46-E9A7-B214-6F7F84BB3256</attributeRef>
</usedAttributes>
</identifier>
</identifiers>
</Entity>
