<?xml version = '1.0' encoding = 'UTF-8'?>
<Entity class="oracle.dbtools.crest.model.design.logical.Entity" directorySegmentName="seg_0" id="43411FA2-FA53-20DC-F99D-5A7010F0E658" name="CHEF">
<createdBy>Vincent</createdBy>
<createdTime>2023-03-22 12:40:20 UTC</createdTime>
<ownerDesignName>mf_logical</ownerDesignName>
<engineerTo>
<item key="0ADDD479-CD4B-9C12-63C9-013028AB8AE4" value="true"/>
</engineerTo>
<adequatelyNormalized>NO</adequatelyNormalized>
<expectedVolumes>0</expectedVolumes>
<fwdEngineeringStrategyName>Single Table</fwdEngineeringStrategyName>
<growthPercent>0</growthPercent>
<growthType>Year</growthType>
<maxVolumes>9999999</maxVolumes>
<minVolumes>0</minVolumes>
<normalForm>Third</normalForm>
<attributes itemClass="oracle.dbtools.crest.model.design.logical.Attribute">
<Attribute name="chef_id" id="7924DD4C-F027-E71C-F0B7-BC66FDB6ECEB">
<createdBy>Vincent</createdBy>
<createdTime>2023-03-22 12:42:34 UTC</createdTime>
<commentInRDBMS><![CDATA[Chef ID]]></commentInRDBMS>
<ownerDesignName>mf_logical</ownerDesignName>
<engineerTo>
<item key="0ADDD479-CD4B-9C12-63C9-013028AB8AE4" value="true"/>
</engineerTo>
<useDomainConstraints>false</useDomainConstraints>
<use>1</use>
<logicalDatatype>LOGDT019</logicalDatatype>
<dataTypePrecision>7</dataTypePrecision>
<ownDataTypeParameters>,7,</ownDataTypeParameters>
</Attribute>
<Attribute name="chef_fname" id="91D34204-B74B-39D8-E757-770DC7AC4104">
<createdBy>Vincent</createdBy>
<createdTime>2023-03-22 12:43:02 UTC</createdTime>
<commentInRDBMS><![CDATA[Chef first name]]></commentInRDBMS>
<ownerDesignName>mf_logical</ownerDesignName>
<engineerTo>
<item key="0ADDD479-CD4B-9C12-63C9-013028AB8AE4" value="true"/>
</engineerTo>
<useDomainConstraints>false</useDomainConstraints>
<use>1</use>
<logicalDatatype>LOGDT024</logicalDatatype>
<dataTypeSize>50</dataTypeSize>
<ownDataTypeParameters>50,,</ownDataTypeParameters>
</Attribute>
<Attribute name="chef_lname" id="20E6242B-F433-F20D-04BE-FF7426278F95">
<createdBy>ed</createdBy>
<createdTime>2023-03-29 09:57:37 UTC</createdTime>
<commentInRDBMS><![CDATA[Chef last name]]></commentInRDBMS>
<ownerDesignName>mf_logical</ownerDesignName>
<engineerTo>
<item key="0ADDD479-CD4B-9C12-63C9-013028AB8AE4" value="true"/>
</engineerTo>
<useDomainConstraints>false</useDomainConstraints>
<use>1</use>
<logicalDatatype>LOGDT024</logicalDatatype>
<dataTypeSize>50</dataTypeSize>
<ownDataTypeParameters>50,,</ownDataTypeParameters>
</Attribute>
<Attribute name="chef_contact" id="E003A172-85DB-BDD3-FCA6-F747C34D69C7">
<createdBy>Vincent</createdBy>
<createdTime>2023-03-22 12:45:28 UTC</createdTime>
<commentInRDBMS><![CDATA[Chef's phone number]]></commentInRDBMS>
<ownerDesignName>mf_logical</ownerDesignName>
<engineerTo>
<item key="0ADDD479-CD4B-9C12-63C9-013028AB8AE4" value="true"/>
</engineerTo>
<useDomainConstraints>false</useDomainConstraints>
<use>1</use>
<logicalDatatype>LOGDT025</logicalDatatype>
<dataTypeSize>10</dataTypeSize>
<ownDataTypeParameters>10,,</ownDataTypeParameters>
</Attribute>
<Attribute name="chef_hourly" id="EBA4171A-EBDB-02A5-CED0-04380590C4FC">
<createdBy>Vincent</createdBy>
<createdTime>2023-03-22 12:46:57 UTC</createdTime>
<commentInRDBMS><![CDATA[Chef's hourly rate]]></commentInRDBMS>
<ownerDesignName>mf_logical</ownerDesignName>
<engineerTo>
<item key="0ADDD479-CD4B-9C12-63C9-013028AB8AE4" value="true"/>
</engineerTo>
<useDomainConstraints>false</useDomainConstraints>
<use>1</use>
<logicalDatatype>LOGDT019</logicalDatatype>
<dataTypePrecision>2</dataTypePrecision>
<dataTypeScale>2</dataTypeScale>
<ownDataTypeParameters>,2,2</ownDataTypeParameters>
</Attribute>
</attributes>
<identifiers itemClass="oracle.dbtools.crest.model.design.logical.CandidateKey">
<identifier id="FB3AC37C-26A3-C020-E4DD-64A79A38A228" name="CHEF PK">
<createdBy>Vincent</createdBy>
<createdTime>2023-03-22 12:42:58 UTC</createdTime>
<ownerDesignName>mf_logical</ownerDesignName>
<engineerTo>
<item key="0ADDD479-CD4B-9C12-63C9-013028AB8AE4" value="true"/>
</engineerTo>
<pk>true</pk>
<usedAttributes>
<attributeRef>7924DD4C-F027-E71C-F0B7-BC66FDB6ECEB</attributeRef>
</usedAttributes>
</identifier>
</identifiers>
</Entity>
