<?xml version = '1.0' encoding = 'UTF-8'?>
<Entity class="oracle.dbtools.crest.model.design.logical.Entity" directorySegmentName="seg_0" id="5FDCCDF9-9108-5012-CC29-F41AA50C365E" name="BOOKING">
<createdBy>Vincent</createdBy>
<createdTime>2023-03-22 12:17:47 UTC</createdTime>
<ownerDesignName>mf_logical</ownerDesignName>
<engineerTo>
<item key="0ADDD479-CD4B-9C12-63C9-013028AB8AE4" value="true"/>
</engineerTo>
<adequatelyNormalized>NO</adequatelyNormalized>
<expectedVolumes>0</expectedVolumes>
<fwdEngineeringStrategyName>Single Table</fwdEngineeringStrategyName>
<growthPercent>0</growthPercent>
<growthType>Year</growthType>
<maxVolumes>9999999</maxVolumes>
<minVolumes>0</minVolumes>
<normalForm>Third</normalForm>
<attributes itemClass="oracle.dbtools.crest.model.design.logical.Attribute">
<Attribute name="book_id" id="3C5224EC-A9D8-FC5F-1F9B-FA52751476AB">
<createdBy>Vincent</createdBy>
<createdTime>2023-03-22 14:24:14 UTC</createdTime>
<commentInRDBMS><![CDATA[Booking ID]]></commentInRDBMS>
<ownerDesignName>mf_logical</ownerDesignName>
<engineerTo>
<item key="0ADDD479-CD4B-9C12-63C9-013028AB8AE4" value="true"/>
</engineerTo>
<useDomainConstraints>false</useDomainConstraints>
<use>1</use>
<logicalDatatype>LOGDT019</logicalDatatype>
<dataTypePrecision>7</dataTypePrecision>
<ownDataTypeParameters>,7,</ownDataTypeParameters>
</Attribute>
<Attribute name="cust_id" id="FFE6F9AA-6FC9-08A1-C4BE-04414B3ED5D6">
<createdBy>Vincent</createdBy>
<createdTime>2023-03-22 14:58:14 UTC</createdTime>
<commentInRDBMS><![CDATA[Customer ID]]></commentInRDBMS>
<generatorID>CB80509E-4F0A-2702-9628-E9D574243858</generatorID>
<ownerDesignName>mf_logical</ownerDesignName>
<engineerTo>
<item key="0ADDD479-CD4B-9C12-63C9-013028AB8AE4" value="true"/>
</engineerTo>
<referedAttribute>B28AE70A-0F16-BFC0-950B-AA3D6FD61D31</referedAttribute>
<useDomainConstraints>false</useDomainConstraints>
<use>1</use>
<logicalDatatype>LOGDT019</logicalDatatype>
<dataTypePrecision>7</dataTypePrecision>
<ownDataTypeParameters>,7,</ownDataTypeParameters>
</Attribute>
<Attribute name="book_start" id="B7F1ACA8-88EC-2C20-3BF3-AFFC335395FA">
<createdBy>Vincent</createdBy>
<createdTime>2023-03-22 12:25:28 UTC</createdTime>
<commentInRDBMS><![CDATA[Function start date and time for customer booking]]></commentInRDBMS>
<ownerDesignName>mf_logical</ownerDesignName>
<engineerTo>
<item key="0ADDD479-CD4B-9C12-63C9-013028AB8AE4" value="true"/>
</engineerTo>
<useDomainConstraints>false</useDomainConstraints>
<use>1</use>
<logicalDatatype>LOGDT007</logicalDatatype>
<ownDataTypeParameters>,,</ownDataTypeParameters>
</Attribute>
<Attribute name="book_end" id="10E71B99-5800-9AD8-0DE6-F0D1914B8ED4">
<createdBy>Vincent</createdBy>
<createdTime>2023-03-22 12:26:37 UTC</createdTime>
<commentInRDBMS><![CDATA[Function end date and time for customer booking]]></commentInRDBMS>
<ownerDesignName>mf_logical</ownerDesignName>
<engineerTo>
<item key="0ADDD479-CD4B-9C12-63C9-013028AB8AE4" value="true"/>
</engineerTo>
<useDomainConstraints>false</useDomainConstraints>
<use>1</use>
<logicalDatatype>LOGDT007</logicalDatatype>
<ownDataTypeParameters>,,</ownDataTypeParameters>
</Attribute>
<Attribute name="book_guestnum" id="816FB6C5-DEA0-971B-7433-EE5796D9665C">
<createdBy>Vincent</createdBy>
<createdTime>2023-03-22 12:27:42 UTC</createdTime>
<commentInRDBMS><![CDATA[Number of guests in the function for customer booking]]></commentInRDBMS>
<ownerDesignName>mf_logical</ownerDesignName>
<engineerTo>
<item key="0ADDD479-CD4B-9C12-63C9-013028AB8AE4" value="true"/>
</engineerTo>
<useDomainConstraints>false</useDomainConstraints>
<use>1</use>
<logicalDatatype>LOGDT019</logicalDatatype>
<dataTypePrecision>3</dataTypePrecision>
<ownDataTypeParameters>,3,</ownDataTypeParameters>
</Attribute>
<Attribute name="book_baserate" id="F516CE2B-1491-B882-1E5E-F007775DD211">
<createdBy>Vincent</createdBy>
<createdTime>2023-03-22 12:30:10 UTC</createdTime>
<commentInRDBMS><![CDATA[Base rate per customer for the function]]></commentInRDBMS>
<ownerDesignName>mf_logical</ownerDesignName>
<engineerTo>
<item key="0ADDD479-CD4B-9C12-63C9-013028AB8AE4" value="true"/>
</engineerTo>
<useDomainConstraints>false</useDomainConstraints>
<use>1</use>
<logicalDatatype>LOGDT019</logicalDatatype>
<dataTypePrecision>4</dataTypePrecision>
<dataTypeScale>2</dataTypeScale>
<ownDataTypeParameters>,4,2</ownDataTypeParameters>
</Attribute>
<Attribute name="book_total" id="030CD4A0-DEEB-8647-138E-62E1375DCEBF">
<createdBy>Vincent</createdBy>
<createdTime>2023-03-22 12:37:47 UTC</createdTime>
<commentInRDBMS><![CDATA[Total cost for customer booking]]></commentInRDBMS>
<ownerDesignName>mf_logical</ownerDesignName>
<engineerTo>
<item key="0ADDD479-CD4B-9C12-63C9-013028AB8AE4" value="true"/>
</engineerTo>
<useDomainConstraints>false</useDomainConstraints>
<use>1</use>
<logicalDatatype>LOGDT019</logicalDatatype>
<dataTypePrecision>6</dataTypePrecision>
<dataTypeScale>2</dataTypeScale>
<ownDataTypeParameters>,6,2</ownDataTypeParameters>
</Attribute>
<Attribute name="book_deco" id="5B2BB34F-9548-EF08-6A93-0EA6EDF1C542">
<createdBy>Vincent</createdBy>
<createdTime>2023-03-22 12:32:33 UTC</createdTime>
<commentInRDBMS><![CDATA[Decoration theme for the function]]></commentInRDBMS>
<ownerDesignName>mf_logical</ownerDesignName>
<engineerTo>
<item key="0ADDD479-CD4B-9C12-63C9-013028AB8AE4" value="true"/>
</engineerTo>
<nullsAllowed>true</nullsAllowed>
<useDomainConstraints>false</useDomainConstraints>
<use>1</use>
<logicalDatatype>LOGDT025</logicalDatatype>
<dataTypeSize>3</dataTypeSize>
<listOfValues>
<valueDef value="ALL" description="For All Occasions"/>
<valueDef value="BDY" description="Birthday"/>
<valueDef value="KID" description="Kids"/>
<valueDef value="OUT" description="Outdoor"/>
<valueDef value="WED" description="Wedding"/>
</listOfValues>
<ownDataTypeParameters>3,,</ownDataTypeParameters>
</Attribute>
<Attribute name="cuis_type" id="A6C32F80-5B00-62BE-2988-A6620B976584">
<createdBy>Vincent</createdBy>
<createdTime>2023-03-22 15:03:18 UTC</createdTime>
<commentInRDBMS><![CDATA[Cuisine type]]></commentInRDBMS>
<generatorID>14D31D62-5214-4B01-9C34-6C63AD0EBEA4</generatorID>
<ownerDesignName>mf_logical</ownerDesignName>
<engineerTo>
<item key="0ADDD479-CD4B-9C12-63C9-013028AB8AE4" value="true"/>
</engineerTo>
<nullsAllowed>true</nullsAllowed>
<referedAttribute>8A6A6AF2-EA1C-24A0-A36B-091CF11F57EA</referedAttribute>
<useDomainConstraints>false</useDomainConstraints>
<use>1</use>
<logicalDatatype>LOGDT025</logicalDatatype>
<dataTypeSize>3 CHAR</dataTypeSize>
<listOfValues>
<valueDef value="CHN" description="Chinese"/>
<valueDef value="IND" description="Indian"/>
<valueDef value="JAP" description="Japanese"/>
<valueDef value="WES" description="Western"/>
</listOfValues>
<ownDataTypeParameters>3 CHAR,,</ownDataTypeParameters>
</Attribute>
<Attribute name="room_id" id="922D4B3C-4DB6-202C-6CBC-2B194C9F66CE">
<createdBy>Vincent</createdBy>
<createdTime>2023-03-22 15:11:19 UTC</createdTime>
<commentInRDBMS><![CDATA[Room ID]]></commentInRDBMS>
<generatorID>236A6EF6-9D54-3C19-864F-B6BA31D0FA2E</generatorID>
<ownerDesignName>mf_logical</ownerDesignName>
<engineerTo>
<item key="0ADDD479-CD4B-9C12-63C9-013028AB8AE4" value="true"/>
</engineerTo>
<nullsAllowed>true</nullsAllowed>
<referedAttribute>E7124A01-D1DB-61C5-B4CE-75B644B62EEC</referedAttribute>
<useDomainConstraints>false</useDomainConstraints>
<use>1</use>
<logicalDatatype>LOGDT019</logicalDatatype>
<dataTypePrecision>7</dataTypePrecision>
<ownDataTypeParameters>,7,</ownDataTypeParameters>
</Attribute>
</attributes>
<identifiers itemClass="oracle.dbtools.crest.model.design.logical.CandidateKey">
<identifier id="56940E2D-74FD-6C4A-6A6E-FBB35237CEE1" name="BOOKING PK">
<createdBy>Vincent</createdBy>
<createdTime>2023-03-22 12:25:14 UTC</createdTime>
<ownerDesignName>mf_logical</ownerDesignName>
<engineerTo>
<item key="0ADDD479-CD4B-9C12-63C9-013028AB8AE4" value="true"/>
</engineerTo>
<pk>true</pk>
<newElementsIDs>3C5224EC-A9D8-FC5F-1F9B-FA52751476AB</newElementsIDs>
<usedAttributes>
<attributeRef>3C5224EC-A9D8-FC5F-1F9B-FA52751476AB</attributeRef>
</usedAttributes>
</identifier>
<identifier id="F0B10028-1C0E-8D69-4441-D359E8004C11" name="BOOKING NATURAL KEY">
<createdBy>Vincent</createdBy>
<createdTime>2023-03-22 14:36:46 UTC</createdTime>
<ownerDesignName>mf_logical</ownerDesignName>
<engineerTo>
<item key="0ADDD479-CD4B-9C12-63C9-013028AB8AE4" value="true"/>
</engineerTo>
<newElementsIDs>B7F1ACA8-88EC-2C20-3BF3-AFFC335395FA,FFE6F9AA-6FC9-08A1-C4BE-04414B3ED5D6,96E4C396-BA35-15B6-8C94-DAD439FC3A65</newElementsIDs>
<usedAttributes>
<attributeRef>B7F1ACA8-88EC-2C20-3BF3-AFFC335395FA</attributeRef>
<attributeRef>FFE6F9AA-6FC9-08A1-C4BE-04414B3ED5D6</attributeRef>
</usedAttributes>
</identifier>
</identifiers>
</Entity>
