<?xml version = '1.0' encoding = 'UTF-8'?>
<Entity class="oracle.dbtools.crest.model.design.logical.Entity" directorySegmentName="seg_0" id="68C42670-8D6A-18A8-C2AB-8074C4267C8B" name="CUSTOMER">
<createdBy>Vincent</createdBy>
<createdTime>2023-03-22 12:05:12 UTC</createdTime>
<ownerDesignName>mf_logical</ownerDesignName>
<engineerTo>
<item key="0ADDD479-CD4B-9C12-63C9-013028AB8AE4" value="true"/>
</engineerTo>
<adequatelyNormalized>NO</adequatelyNormalized>
<expectedVolumes>0</expectedVolumes>
<fwdEngineeringStrategyName>Single Table</fwdEngineeringStrategyName>
<growthPercent>0</growthPercent>
<growthType>Year</growthType>
<maxVolumes>9999999</maxVolumes>
<minVolumes>0</minVolumes>
<normalForm>Third</normalForm>
<attributes itemClass="oracle.dbtools.crest.model.design.logical.Attribute">
<Attribute name="cust_id" id="B28AE70A-0F16-BFC0-950B-AA3D6FD61D31">
<createdBy>Vincent</createdBy>
<createdTime>2023-03-22 12:06:38 UTC</createdTime>
<commentInRDBMS><![CDATA[Customer ID]]></commentInRDBMS>
<ownerDesignName>mf_logical</ownerDesignName>
<engineerTo>
<item key="0ADDD479-CD4B-9C12-63C9-013028AB8AE4" value="true"/>
</engineerTo>
<useDomainConstraints>false</useDomainConstraints>
<use>1</use>
<logicalDatatype>LOGDT019</logicalDatatype>
<dataTypePrecision>7</dataTypePrecision>
<ownDataTypeParameters>,7,</ownDataTypeParameters>
</Attribute>
<Attribute name="cust_ftname" id="E14BCD2F-1E1D-94A6-8A49-FDF14296A345">
<createdBy>Vincent</createdBy>
<createdTime>2023-03-22 12:07:46 UTC</createdTime>
<commentInRDBMS><![CDATA[Customer first name]]></commentInRDBMS>
<ownerDesignName>mf_logical</ownerDesignName>
<engineerTo>
<item key="0ADDD479-CD4B-9C12-63C9-013028AB8AE4" value="true"/>
</engineerTo>
<useDomainConstraints>false</useDomainConstraints>
<use>1</use>
<logicalDatatype>LOGDT024</logicalDatatype>
<dataTypeSize>50</dataTypeSize>
<ownDataTypeParameters>50,,</ownDataTypeParameters>
</Attribute>
<Attribute name="cust_lname" id="8FC4ADDC-FF6B-C2E1-5610-09CA7017E771">
<createdBy>ed</createdBy>
<createdTime>2023-03-29 09:56:41 UTC</createdTime>
<commentInRDBMS><![CDATA[Customer last name]]></commentInRDBMS>
<ownerDesignName>mf_logical</ownerDesignName>
<engineerTo>
<item key="0ADDD479-CD4B-9C12-63C9-013028AB8AE4" value="true"/>
</engineerTo>
<useDomainConstraints>false</useDomainConstraints>
<use>1</use>
<logicalDatatype>LOGDT024</logicalDatatype>
<dataTypeSize>50</dataTypeSize>
<ownDataTypeParameters>50,,</ownDataTypeParameters>
</Attribute>
<Attribute name="cust_busname" id="2714B321-A657-993D-124A-22B4CA97D454">
<createdBy>Vincent</createdBy>
<createdTime>2023-03-22 12:09:08 UTC</createdTime>
<commentInRDBMS><![CDATA[Customer business name]]></commentInRDBMS>
<ownerDesignName>mf_logical</ownerDesignName>
<engineerTo>
<item key="0ADDD479-CD4B-9C12-63C9-013028AB8AE4" value="true"/>
</engineerTo>
<nullsAllowed>true</nullsAllowed>
<useDomainConstraints>false</useDomainConstraints>
<use>1</use>
<logicalDatatype>LOGDT024</logicalDatatype>
<dataTypeSize>100</dataTypeSize>
<ownDataTypeParameters>100,,</ownDataTypeParameters>
</Attribute>
<Attribute name="cust_street" id="137F1D40-5638-FC0B-34F5-771FDA20DA37">
<createdBy>Vincent</createdBy>
<createdTime>2023-03-22 12:09:48 UTC</createdTime>
<commentInRDBMS><![CDATA[Customer's street]]></commentInRDBMS>
<ownerDesignName>mf_logical</ownerDesignName>
<engineerTo>
<item key="0ADDD479-CD4B-9C12-63C9-013028AB8AE4" value="true"/>
</engineerTo>
<useDomainConstraints>false</useDomainConstraints>
<use>1</use>
<logicalDatatype>LOGDT024</logicalDatatype>
<dataTypeSize>100</dataTypeSize>
<ownDataTypeParameters>100,,</ownDataTypeParameters>
</Attribute>
<Attribute name="cust_suburb" id="12BD97B5-36CA-9790-C503-7A85C85D5D1E">
<createdBy>ed</createdBy>
<createdTime>2023-03-29 09:23:02 UTC</createdTime>
<commentInRDBMS><![CDATA[Customer's address (Suburb)]]></commentInRDBMS>
<ownerDesignName>mf_logical</ownerDesignName>
<engineerTo>
<item key="0ADDD479-CD4B-9C12-63C9-013028AB8AE4" value="true"/>
</engineerTo>
<useDomainConstraints>false</useDomainConstraints>
<use>1</use>
<logicalDatatype>LOGDT024</logicalDatatype>
<dataTypeSize>100</dataTypeSize>
<ownDataTypeParameters>100,,</ownDataTypeParameters>
</Attribute>
<Attribute name="cust_contact" id="2101E1F9-2FAB-C508-C129-74D9B3D051F9">
<createdBy>Vincent</createdBy>
<createdTime>2023-03-22 12:15:54 UTC</createdTime>
<commentInRDBMS><![CDATA[Customer contact number]]></commentInRDBMS>
<ownerDesignName>mf_logical</ownerDesignName>
<engineerTo>
<item key="0ADDD479-CD4B-9C12-63C9-013028AB8AE4" value="true"/>
</engineerTo>
<useDomainConstraints>false</useDomainConstraints>
<use>1</use>
<logicalDatatype>LOGDT024</logicalDatatype>
<dataTypeSize>10</dataTypeSize>
<ownDataTypeParameters>10,,</ownDataTypeParameters>
</Attribute>
</attributes>
<identifiers itemClass="oracle.dbtools.crest.model.design.logical.CandidateKey">
<identifier id="CF01CEFF-17AC-4EC2-6923-74D46C6FEDB5" name="CUSTOMER PK">
<createdBy>Vincent</createdBy>
<createdTime>2023-03-22 12:07:24 UTC</createdTime>
<ownerDesignName>mf_logical</ownerDesignName>
<engineerTo>
<item key="0ADDD479-CD4B-9C12-63C9-013028AB8AE4" value="true"/>
</engineerTo>
<pk>true</pk>
<usedAttributes>
<attributeRef>B28AE70A-0F16-BFC0-950B-AA3D6FD61D31</attributeRef>
</usedAttributes>
</identifier>
</identifiers>
</Entity>
