<?xml version = '1.0' encoding = 'UTF-8'?>
<Entity class="oracle.dbtools.crest.model.design.logical.Entity" directorySegmentName="seg_0" id="7D4E60CA-82ED-473B-AE5D-A3BF6EE6B807" name="MAINTENANCE">
<createdBy>Vincent</createdBy>
<createdTime>2023-03-22 12:56:31 UTC</createdTime>
<ownerDesignName>mf_logical</ownerDesignName>
<engineerTo>
<item key="0ADDD479-CD4B-9C12-63C9-013028AB8AE4" value="true"/>
</engineerTo>
<adequatelyNormalized>NO</adequatelyNormalized>
<expectedVolumes>0</expectedVolumes>
<fwdEngineeringStrategyName>Single Table</fwdEngineeringStrategyName>
<growthPercent>0</growthPercent>
<growthType>Year</growthType>
<maxVolumes>9999999</maxVolumes>
<minVolumes>0</minVolumes>
<normalForm>Third</normalForm>
<attributes itemClass="oracle.dbtools.crest.model.design.logical.Attribute">
<Attribute name="maint_id" id="6CCB38A2-21F0-1AFB-0E47-54C181DD0F2F">
<createdBy>Vincent</createdBy>
<createdTime>2023-03-22 15:19:52 UTC</createdTime>
<commentInRDBMS><![CDATA[Maintenance ID]]></commentInRDBMS>
<ownerDesignName>mf_logical</ownerDesignName>
<engineerTo>
<item key="0ADDD479-CD4B-9C12-63C9-013028AB8AE4" value="true"/>
</engineerTo>
<useDomainConstraints>false</useDomainConstraints>
<use>1</use>
<logicalDatatype>LOGDT019</logicalDatatype>
<dataTypePrecision>7</dataTypePrecision>
<ownDataTypeParameters>,7,</ownDataTypeParameters>
</Attribute>
<Attribute name="room_id" id="BD7B97F1-CC88-109A-C6EC-32CF3CCDCFBE">
<createdBy>Vincent</createdBy>
<createdTime>2023-03-22 15:16:14 UTC</createdTime>
<commentInRDBMS><![CDATA[Room ID]]></commentInRDBMS>
<generatorID>5AF99C10-0934-DE03-02A3-14231D1DF696</generatorID>
<ownerDesignName>mf_logical</ownerDesignName>
<engineerTo>
<item key="0ADDD479-CD4B-9C12-63C9-013028AB8AE4" value="true"/>
</engineerTo>
<referedAttribute>E7124A01-D1DB-61C5-B4CE-75B644B62EEC</referedAttribute>
<useDomainConstraints>false</useDomainConstraints>
<use>1</use>
<logicalDatatype>LOGDT019</logicalDatatype>
<dataTypePrecision>7</dataTypePrecision>
<ownDataTypeParameters>,7,</ownDataTypeParameters>
</Attribute>
<Attribute name="maint_datetime" id="8D5094E3-3E33-AEE7-C16D-3266329AD57B">
<createdBy>Vincent</createdBy>
<createdTime>2023-03-22 12:57:53 UTC</createdTime>
<commentInRDBMS><![CDATA[Maintenance date and time]]></commentInRDBMS>
<ownerDesignName>mf_logical</ownerDesignName>
<engineerTo>
<item key="0ADDD479-CD4B-9C12-63C9-013028AB8AE4" value="true"/>
</engineerTo>
<useDomainConstraints>false</useDomainConstraints>
<use>1</use>
<logicalDatatype>LOGDT007</logicalDatatype>
<ownDataTypeParameters>,,</ownDataTypeParameters>
</Attribute>
<Attribute name="re_id" id="1FE01568-3732-AFD6-D591-DC54CBB09A2D">
<createdBy>Vincent</createdBy>
<createdTime>2023-03-22 15:33:51 UTC</createdTime>
<commentInRDBMS><![CDATA[Evaluation ID]]></commentInRDBMS>
<generatorID>82F4E683-F430-DB96-AFC8-B0D2D411871B</generatorID>
<ownerDesignName>mf_logical</ownerDesignName>
<engineerTo>
<item key="0ADDD479-CD4B-9C12-63C9-013028AB8AE4" value="true"/>
</engineerTo>
<referedAttribute>B717ADCE-82EE-0997-C787-BAED7E06420F</referedAttribute>
<useDomainConstraints>false</useDomainConstraints>
<use>1</use>
<logicalDatatype>LOGDT019</logicalDatatype>
<dataTypePrecision>7</dataTypePrecision>
<ownDataTypeParameters>,7,</ownDataTypeParameters>
</Attribute>
</attributes>
<identifiers itemClass="oracle.dbtools.crest.model.design.logical.CandidateKey">
<identifier id="C20F6470-C4D8-2BC2-0492-6A7A22682299" name="MAINTENANCE PK">
<createdBy>Vincent</createdBy>
<createdTime>2023-03-22 12:58:21 UTC</createdTime>
<ownerDesignName>mf_logical</ownerDesignName>
<engineerTo>
<item key="0ADDD479-CD4B-9C12-63C9-013028AB8AE4" value="true"/>
</engineerTo>
<pk>true</pk>
<usedAttributes>
<attributeRef>6CCB38A2-21F0-1AFB-0E47-54C181DD0F2F</attributeRef>
</usedAttributes>
</identifier>
<identifier id="08525AC5-1CCB-7A54-05D5-0222687C11E0" name="MAINTENANCE NATURAL KEY">
<createdBy>Vincent</createdBy>
<createdTime>2023-03-22 15:21:09 UTC</createdTime>
<ownerDesignName>mf_logical</ownerDesignName>
<engineerTo>
<item key="0ADDD479-CD4B-9C12-63C9-013028AB8AE4" value="true"/>
</engineerTo>
<newElementsIDs>BD7B97F1-CC88-109A-C6EC-32CF3CCDCFBE,8D5094E3-3E33-AEE7-C16D-3266329AD57B</newElementsIDs>
<usedAttributes>
<attributeRef>BD7B97F1-CC88-109A-C6EC-32CF3CCDCFBE</attributeRef>
<attributeRef>8D5094E3-3E33-AEE7-C16D-3266329AD57B</attributeRef>
</usedAttributes>
</identifier>
</identifiers>
</Entity>
