<?xml version = '1.0' encoding = 'UTF-8'?>
<Entity class="oracle.dbtools.crest.model.design.logical.Entity" directorySegmentName="seg_0" id="7F9DB407-38FB-0353-728B-8B0AF3FC8DC5" name="PAYMENT">
<createdBy>Vincent</createdBy>
<createdTime>2023-04-05 11:28:45 UTC</createdTime>
<ownerDesignName>mf_logical</ownerDesignName>
<engineerTo>
<item key="0ADDD479-CD4B-9C12-63C9-013028AB8AE4" value="true"/>
</engineerTo>
<adequatelyNormalized>NO</adequatelyNormalized>
<expectedVolumes>0</expectedVolumes>
<fwdEngineeringStrategyName>Single Table</fwdEngineeringStrategyName>
<growthPercent>0</growthPercent>
<growthType>Year</growthType>
<maxVolumes>9999999</maxVolumes>
<minVolumes>0</minVolumes>
<normalForm>Third</normalForm>
<attributes itemClass="oracle.dbtools.crest.model.design.logical.Attribute">
<Attribute name="pay_no" id="B5257F3C-B1EE-A35F-E26D-576D912EA42F">
<createdBy>Vincent</createdBy>
<createdTime>2023-04-05 13:51:39 UTC</createdTime>
<commentInRDBMS><![CDATA[Payment number]]></commentInRDBMS>
<ownerDesignName>mf_logical</ownerDesignName>
<engineerTo>
<item key="0ADDD479-CD4B-9C12-63C9-013028AB8AE4" value="true"/>
</engineerTo>
<useDomainConstraints>false</useDomainConstraints>
<use>1</use>
<logicalDatatype>LOGDT019</logicalDatatype>
<dataTypePrecision>10</dataTypePrecision>
<ownDataTypeParameters>,10,</ownDataTypeParameters>
</Attribute>
<Attribute name="cust_id" id="74915164-929F-52E9-0E7C-2914378B3C84">
<createdBy>Vincent</createdBy>
<createdTime>2023-04-05 11:29:36 UTC</createdTime>
<commentInRDBMS><![CDATA[Customer ID]]></commentInRDBMS>
<generatorID>2C2A86E2-ECFD-BA50-80EE-44F2DDFA4FC1</generatorID>
<ownerDesignName>mf_logical</ownerDesignName>
<engineerTo>
<item key="0ADDD479-CD4B-9C12-63C9-013028AB8AE4" value="true"/>
</engineerTo>
<referedAttribute>B28AE70A-0F16-BFC0-950B-AA3D6FD61D31</referedAttribute>
<useDomainConstraints>false</useDomainConstraints>
<use>1</use>
<logicalDatatype>LOGDT019</logicalDatatype>
<dataTypePrecision>7</dataTypePrecision>
<ownDataTypeParameters>,,</ownDataTypeParameters>
</Attribute>
<Attribute name="book_id" id="C5B40D01-E825-05DB-B83E-7A73F0B01EFB">
<createdBy>Vincent</createdBy>
<createdTime>2023-04-05 11:31:11 UTC</createdTime>
<commentInRDBMS><![CDATA[Booking ID]]></commentInRDBMS>
<generatorID>EC3A814C-7ECD-36B7-F49E-1AA25995524A</generatorID>
<ownerDesignName>mf_logical</ownerDesignName>
<engineerTo>
<item key="0ADDD479-CD4B-9C12-63C9-013028AB8AE4" value="true"/>
</engineerTo>
<referedAttribute>3C5224EC-A9D8-FC5F-1F9B-FA52751476AB</referedAttribute>
<useDomainConstraints>false</useDomainConstraints>
<use>1</use>
<logicalDatatype>LOGDT019</logicalDatatype>
<dataTypePrecision>7</dataTypePrecision>
<ownDataTypeParameters>,,</ownDataTypeParameters>
</Attribute>
<Attribute name="pay_date" id="D4125DEB-C72B-B667-7FC9-46FCF3487A26">
<createdBy>Vincent</createdBy>
<createdTime>2023-04-05 11:36:37 UTC</createdTime>
<commentInRDBMS><![CDATA[Payment date]]></commentInRDBMS>
<ownerDesignName>mf_logical</ownerDesignName>
<engineerTo>
<item key="0ADDD479-CD4B-9C12-63C9-013028AB8AE4" value="true"/>
</engineerTo>
<useDomainConstraints>false</useDomainConstraints>
<use>1</use>
<logicalDatatype>LOGDT007</logicalDatatype>
<ownDataTypeParameters>,,</ownDataTypeParameters>
</Attribute>
<Attribute name="pay_amount" id="CAE168C2-B540-D80F-EB94-15E467BA77A4">
<createdBy>Vincent</createdBy>
<createdTime>2023-04-05 13:50:03 UTC</createdTime>
<commentInRDBMS><![CDATA[Payment amount]]></commentInRDBMS>
<ownerDesignName>mf_logical</ownerDesignName>
<engineerTo>
<item key="0ADDD479-CD4B-9C12-63C9-013028AB8AE4" value="true"/>
</engineerTo>
<useDomainConstraints>false</useDomainConstraints>
<use>1</use>
<logicalDatatype>LOGDT019</logicalDatatype>
<dataTypePrecision>6</dataTypePrecision>
<dataTypeScale>2</dataTypeScale>
<ownDataTypeParameters>,6,2</ownDataTypeParameters>
</Attribute>
</attributes>
<identifiers itemClass="oracle.dbtools.crest.model.design.logical.CandidateKey">
<identifier id="99E067F9-74DB-351A-5A9A-9CFD37857ADB" name="PAYMENT PK">
<createdBy>Vincent</createdBy>
<createdTime>2023-04-05 11:29:36 UTC</createdTime>
<ownerDesignName>mf_logical</ownerDesignName>
<engineerTo>
<item key="0ADDD479-CD4B-9C12-63C9-013028AB8AE4" value="true"/>
</engineerTo>
<pk>true</pk>
<usedAttributes>
<attributeRef>B5257F3C-B1EE-A35F-E26D-576D912EA42F</attributeRef>
</usedAttributes>
</identifier>
<identifier id="96255DEF-3FA3-614A-0125-8CC2F914333F" name="PAYMENT_NATURAL_KEY">
<createdBy>Vincent</createdBy>
<createdTime>2023-04-05 13:52:33 UTC</createdTime>
<ownerDesignName>mf_logical</ownerDesignName>
<engineerTo>
<item key="0ADDD479-CD4B-9C12-63C9-013028AB8AE4" value="true"/>
</engineerTo>
<newElementsIDs>74915164-929F-52E9-0E7C-2914378B3C84,C5B40D01-E825-05DB-B83E-7A73F0B01EFB</newElementsIDs>
<usedAttributes>
<attributeRef>74915164-929F-52E9-0E7C-2914378B3C84</attributeRef>
<attributeRef>C5B40D01-E825-05DB-B83E-7A73F0B01EFB</attributeRef>
</usedAttributes>
</identifier>
</identifiers>
</Entity>
