<?xml version = '1.0' encoding = 'UTF-8'?>
<Entity class="oracle.dbtools.crest.model.design.logical.Entity" directorySegmentName="seg_0" id="8419DF64-3157-8A13-792A-07D33AB91B40" name="CUISINE">
<createdBy>Vincent</createdBy>
<createdTime>2023-03-22 13:36:45 UTC</createdTime>
<ownerDesignName>mf_logical</ownerDesignName>
<engineerTo>
<item key="0ADDD479-CD4B-9C12-63C9-013028AB8AE4" value="true"/>
</engineerTo>
<adequatelyNormalized>NO</adequatelyNormalized>
<expectedVolumes>0</expectedVolumes>
<fwdEngineeringStrategyName>Single Table</fwdEngineeringStrategyName>
<growthPercent>0</growthPercent>
<growthType>Year</growthType>
<maxVolumes>9999999</maxVolumes>
<minVolumes>0</minVolumes>
<normalForm>Third</normalForm>
<attributes itemClass="oracle.dbtools.crest.model.design.logical.Attribute">
<Attribute name="cuis_type" id="8A6A6AF2-EA1C-24A0-A36B-091CF11F57EA">
<createdBy>Vincent</createdBy>
<createdTime>2023-03-22 13:36:56 UTC</createdTime>
<commentInRDBMS><![CDATA[Cuisine type]]></commentInRDBMS>
<ownerDesignName>mf_logical</ownerDesignName>
<engineerTo>
<item key="0ADDD479-CD4B-9C12-63C9-013028AB8AE4" value="true"/>
</engineerTo>
<useDomainConstraints>false</useDomainConstraints>
<use>1</use>
<logicalDatatype>LOGDT025</logicalDatatype>
<dataTypeSize>3</dataTypeSize>
<listOfValues>
<valueDef value="CHN" description="Chinese Cuisine"/>
<valueDef value="IND" description="Indian Cuisine"/>
<valueDef value="JAP" description="Japanese Cuisine"/>
<valueDef value="WES" description="Western Cuisine"/>
</listOfValues>
<ownDataTypeParameters>3,,</ownDataTypeParameters>
</Attribute>
<Attribute name="cuis_rate" id="F2370C10-FC61-4E8F-1C01-A338D0370360">
<createdBy>Vincent</createdBy>
<createdTime>2023-03-22 13:37:13 UTC</createdTime>
<commentInRDBMS><![CDATA[Cuisine rate per customer]]></commentInRDBMS>
<ownerDesignName>mf_logical</ownerDesignName>
<engineerTo>
<item key="0ADDD479-CD4B-9C12-63C9-013028AB8AE4" value="true"/>
</engineerTo>
<useDomainConstraints>false</useDomainConstraints>
<use>1</use>
<logicalDatatype>LOGDT019</logicalDatatype>
<dataTypePrecision>3</dataTypePrecision>
<ownDataTypeParameters>,3,</ownDataTypeParameters>
</Attribute>
</attributes>
<identifiers itemClass="oracle.dbtools.crest.model.design.logical.CandidateKey">
<identifier id="284365FF-3EB0-2A5C-5214-0F477F9DBE11" name="CUISINE PK">
<createdBy>Vincent</createdBy>
<createdTime>2023-03-22 13:37:03 UTC</createdTime>
<ownerDesignName>mf_logical</ownerDesignName>
<engineerTo>
<item key="0ADDD479-CD4B-9C12-63C9-013028AB8AE4" value="true"/>
</engineerTo>
<pk>true</pk>
<usedAttributes>
<attributeRef>8A6A6AF2-EA1C-24A0-A36B-091CF11F57EA</attributeRef>
</usedAttributes>
</identifier>
</identifiers>
</Entity>
