<?xml version = '1.0' encoding = 'UTF-8'?>
<Entity class="oracle.dbtools.crest.model.design.logical.Entity" directorySegmentName="seg_0" id="9F6027B1-2FE3-6BA5-526A-A2F8D53EA5B5" name="ROOM_EVALUATION">
<createdBy>Vincent</createdBy>
<createdTime>2023-03-22 13:02:28 UTC</createdTime>
<ownerDesignName>mf_logical</ownerDesignName>
<engineerTo>
<item key="0ADDD479-CD4B-9C12-63C9-013028AB8AE4" value="true"/>
</engineerTo>
<adequatelyNormalized>NO</adequatelyNormalized>
<expectedVolumes>0</expectedVolumes>
<fwdEngineeringStrategyName>Single Table</fwdEngineeringStrategyName>
<growthPercent>0</growthPercent>
<growthType>Year</growthType>
<maxVolumes>9999999</maxVolumes>
<minVolumes>0</minVolumes>
<normalForm>Third</normalForm>
<attributes itemClass="oracle.dbtools.crest.model.design.logical.Attribute">
<Attribute name="re_id" id="B717ADCE-82EE-0997-C787-BAED7E06420F">
<createdBy>Vincent</createdBy>
<createdTime>2023-03-22 15:23:50 UTC</createdTime>
<commentInRDBMS><![CDATA[Evaluation ID]]></commentInRDBMS>
<ownerDesignName>mf_logical</ownerDesignName>
<engineerTo>
<item key="0ADDD479-CD4B-9C12-63C9-013028AB8AE4" value="true"/>
</engineerTo>
<useDomainConstraints>false</useDomainConstraints>
<use>1</use>
<logicalDatatype>LOGDT019</logicalDatatype>
<dataTypePrecision>7</dataTypePrecision>
<ownDataTypeParameters>,7,</ownDataTypeParameters>
</Attribute>
<Attribute name="room_id" id="C097001D-10E7-15BE-1143-F15B3D5B44FF">
<createdBy>Vincent</createdBy>
<createdTime>2023-03-22 15:29:51 UTC</createdTime>
<commentInRDBMS><![CDATA[Room ID]]></commentInRDBMS>
<generatorID>C94398E9-E181-4248-D0BA-7C75E8829FCA</generatorID>
<ownerDesignName>mf_logical</ownerDesignName>
<engineerTo>
<item key="0ADDD479-CD4B-9C12-63C9-013028AB8AE4" value="true"/>
</engineerTo>
<referedAttribute>E7124A01-D1DB-61C5-B4CE-75B644B62EEC</referedAttribute>
<useDomainConstraints>false</useDomainConstraints>
<use>1</use>
<logicalDatatype>LOGDT019</logicalDatatype>
<dataTypePrecision>7</dataTypePrecision>
<ownDataTypeParameters>,7,</ownDataTypeParameters>
</Attribute>
<Attribute name="re_chk" id="F9F7BDA2-E51B-677D-3B64-7653A6745A62">
<createdBy>Vincent</createdBy>
<createdTime>2023-03-22 13:03:20 UTC</createdTime>
<commentInRDBMS><![CDATA[Date of the function room checked]]></commentInRDBMS>
<ownerDesignName>mf_logical</ownerDesignName>
<engineerTo>
<item key="0ADDD479-CD4B-9C12-63C9-013028AB8AE4" value="true"/>
</engineerTo>
<useDomainConstraints>false</useDomainConstraints>
<use>1</use>
<logicalDatatype>LOGDT007</logicalDatatype>
<ownDataTypeParameters>,,</ownDataTypeParameters>
</Attribute>
<Attribute name="chef_id" id="914CEF24-82EC-CDB4-B1EB-A9B7675B850D">
<createdBy>Vincent</createdBy>
<createdTime>2023-03-22 15:27:45 UTC</createdTime>
<commentInRDBMS><![CDATA[Chef ID]]></commentInRDBMS>
<generatorID>E3C3A15E-9147-42DE-9874-4C0A1403B6DB</generatorID>
<ownerDesignName>mf_logical</ownerDesignName>
<engineerTo>
<item key="0ADDD479-CD4B-9C12-63C9-013028AB8AE4" value="true"/>
</engineerTo>
<referedAttribute>7924DD4C-F027-E71C-F0B7-BC66FDB6ECEB</referedAttribute>
<useDomainConstraints>false</useDomainConstraints>
<use>1</use>
<logicalDatatype>LOGDT019</logicalDatatype>
<dataTypePrecision>7</dataTypePrecision>
<ownDataTypeParameters>,7,</ownDataTypeParameters>
</Attribute>
<Attribute name="re_apr" id="FCA99103-8BE8-53C7-46DC-7535A2EB5E3C">
<createdBy>Vincent</createdBy>
<createdTime>2023-03-22 13:13:47 UTC</createdTime>
<commentInRDBMS><![CDATA[Whether the room is approved for use]]></commentInRDBMS>
<ownerDesignName>mf_logical</ownerDesignName>
<engineerTo>
<item key="0ADDD479-CD4B-9C12-63C9-013028AB8AE4" value="true"/>
</engineerTo>
<useDomainConstraints>false</useDomainConstraints>
<use>1</use>
<logicalDatatype>LOGDT025</logicalDatatype>
<dataTypeSize>1</dataTypeSize>
<listOfValues>
<valueDef value="N" description="not approved for use"/>
<valueDef value="Y" description="approved for use"/>
</listOfValues>
<ownDataTypeParameters>1,,</ownDataTypeParameters>
</Attribute>
<Attribute name="re_cmt" id="E58241F4-E25F-0D5F-7BC9-9349DD11AB39">
<createdBy>Vincent</createdBy>
<createdTime>2023-03-22 13:16:43 UTC</createdTime>
<commentInRDBMS><![CDATA[Comments on the function room appliances]]></commentInRDBMS>
<ownerDesignName>mf_logical</ownerDesignName>
<engineerTo>
<item key="0ADDD479-CD4B-9C12-63C9-013028AB8AE4" value="true"/>
</engineerTo>
<nullsAllowed>true</nullsAllowed>
<useDomainConstraints>false</useDomainConstraints>
<use>1</use>
<logicalDatatype>LOGDT024</logicalDatatype>
<dataTypeSize>200</dataTypeSize>
<ownDataTypeParameters>200,,</ownDataTypeParameters>
</Attribute>
</attributes>
<identifiers itemClass="oracle.dbtools.crest.model.design.logical.CandidateKey">
<identifier id="51C38A97-9E0E-9A99-46AA-B4C335B0AEA0" name="EVALUATION PK">
<createdBy>Vincent</createdBy>
<createdTime>2023-03-22 13:09:59 UTC</createdTime>
<ownerDesignName>mf_logical</ownerDesignName>
<engineerTo>
<item key="0ADDD479-CD4B-9C12-63C9-013028AB8AE4" value="true"/>
</engineerTo>
<pk>true</pk>
<usedAttributes>
<attributeRef>B717ADCE-82EE-0997-C787-BAED7E06420F</attributeRef>
</usedAttributes>
</identifier>
<identifier id="F5DAD07F-ADFA-FF67-9C18-0EABB9EDEA3C" name="EVALUATION NATURAL KEY">
<createdBy>Vincent</createdBy>
<createdTime>2023-03-22 15:24:36 UTC</createdTime>
<ownerDesignName>mf_logical</ownerDesignName>
<engineerTo>
<item key="0ADDD479-CD4B-9C12-63C9-013028AB8AE4" value="true"/>
</engineerTo>
<newElementsIDs>F9F7BDA2-E51B-677D-3B64-7653A6745A62,C097001D-10E7-15BE-1143-F15B3D5B44FF</newElementsIDs>
<usedAttributes>
<attributeRef>F9F7BDA2-E51B-677D-3B64-7653A6745A62</attributeRef>
<attributeRef>C097001D-10E7-15BE-1143-F15B3D5B44FF</attributeRef>
</usedAttributes>
</identifier>
</identifiers>
</Entity>
