<?xml version = '1.0' encoding = 'UTF-8'?>
<Entity class="oracle.dbtools.crest.model.design.logical.Entity" directorySegmentName="seg_0" id="AC0E51CD-BC63-B590-F1C4-6DC105D3958C" name="SPECIALIZATION">
<createdBy>Vincent</createdBy>
<createdTime>2023-03-29 11:04:47 UTC</createdTime>
<ownerDesignName>mf_logical</ownerDesignName>
<engineerTo>
<item key="0ADDD479-CD4B-9C12-63C9-013028AB8AE4" value="true"/>
</engineerTo>
<adequatelyNormalized>NO</adequatelyNormalized>
<expectedVolumes>0</expectedVolumes>
<fwdEngineeringStrategyName>Single Table</fwdEngineeringStrategyName>
<growthPercent>0</growthPercent>
<growthType>Year</growthType>
<maxVolumes>9999999</maxVolumes>
<minVolumes>0</minVolumes>
<normalForm>Third</normalForm>
<attributes itemClass="oracle.dbtools.crest.model.design.logical.Attribute">
<Attribute name="chef_id" id="35633F42-7582-C067-2309-4E89B656CC11">
<createdBy>Vincent</createdBy>
<createdTime>2023-03-29 11:06:06 UTC</createdTime>
<commentInRDBMS><![CDATA[Chef ID]]></commentInRDBMS>
<generatorID>85ACDF0F-8E67-2292-4C6A-1EE3BF3FFFA4</generatorID>
<ownerDesignName>mf_logical</ownerDesignName>
<engineerTo>
<item key="0ADDD479-CD4B-9C12-63C9-013028AB8AE4" value="true"/>
</engineerTo>
<referedAttribute>7924DD4C-F027-E71C-F0B7-BC66FDB6ECEB</referedAttribute>
<useDomainConstraints>false</useDomainConstraints>
<use>1</use>
<logicalDatatype>LOGDT019</logicalDatatype>
<dataTypePrecision>7</dataTypePrecision>
<ownDataTypeParameters>,,</ownDataTypeParameters>
</Attribute>
<Attribute name="cuis_type" id="54AA0EE2-F330-9C9C-F164-B47B305D487A">
<createdBy>Vincent</createdBy>
<createdTime>2023-03-29 11:06:40 UTC</createdTime>
<commentInRDBMS><![CDATA[Cuisine type]]></commentInRDBMS>
<generatorID>1F95B61C-E038-9192-F316-290C134DB16C</generatorID>
<ownerDesignName>mf_logical</ownerDesignName>
<engineerTo>
<item key="0ADDD479-CD4B-9C12-63C9-013028AB8AE4" value="true"/>
</engineerTo>
<referedAttribute>8A6A6AF2-EA1C-24A0-A36B-091CF11F57EA</referedAttribute>
<useDomainConstraints>false</useDomainConstraints>
<use>1</use>
<logicalDatatype>LOGDT025</logicalDatatype>
<dataTypeSize>3</dataTypeSize>
<ownDataTypeParameters>3,,</ownDataTypeParameters>
</Attribute>
<Attribute name="spec_acq" id="240C696C-CDAA-DB40-97F9-532ABF99D3D4">
<createdBy>Vincent</createdBy>
<createdTime>2023-03-29 11:08:04 UTC</createdTime>
<commentInRDBMS><![CDATA[The date when the chef acquire the specialization]]></commentInRDBMS>
<ownerDesignName>mf_logical</ownerDesignName>
<engineerTo>
<item key="0ADDD479-CD4B-9C12-63C9-013028AB8AE4" value="true"/>
</engineerTo>
<nullsAllowed>true</nullsAllowed>
<useDomainConstraints>false</useDomainConstraints>
<use>1</use>
<logicalDatatype>LOGDT007</logicalDatatype>
<ownDataTypeParameters>,,</ownDataTypeParameters>
</Attribute>
</attributes>
<identifiers itemClass="oracle.dbtools.crest.model.design.logical.CandidateKey">
<identifier id="436CF1B4-A550-6A17-6150-F2AC4E2E6130" name="SPECIALIZATION PK">
<createdBy>Vincent</createdBy>
<createdTime>2023-03-29 11:06:24 UTC</createdTime>
<ownerDesignName>mf_logical</ownerDesignName>
<engineerTo>
<item key="0ADDD479-CD4B-9C12-63C9-013028AB8AE4" value="true"/>
</engineerTo>
<pk>true</pk>
<usedAttributes>
<attributeRef>35633F42-7582-C067-2309-4E89B656CC11</attributeRef>
<attributeRef>54AA0EE2-F330-9C9C-F164-B47B305D487A</attributeRef>
</usedAttributes>
</identifier>
</identifiers>
</Entity>
