<?xml version = '1.0' encoding = 'UTF-8'?>
<Entity class="oracle.dbtools.crest.model.design.logical.Entity" directorySegmentName="seg_0" id="AEA1DC5E-2428-533E-9580-2968ADCD94F2" name="RATE_HISTORY">
<createdBy>Vincent</createdBy>
<createdTime>2023-04-05 11:42:44 UTC</createdTime>
<ownerDesignName>mf_logical</ownerDesignName>
<engineerTo>
<item key="0ADDD479-CD4B-9C12-63C9-013028AB8AE4" value="true"/>
</engineerTo>
<adequatelyNormalized>NO</adequatelyNormalized>
<expectedVolumes>0</expectedVolumes>
<fwdEngineeringStrategyName>Single Table</fwdEngineeringStrategyName>
<growthPercent>0</growthPercent>
<growthType>Year</growthType>
<maxVolumes>9999999</maxVolumes>
<minVolumes>0</minVolumes>
<normalForm>Third</normalForm>
<attributes itemClass="oracle.dbtools.crest.model.design.logical.Attribute">
<Attribute name="room_id" id="590F3199-7507-5B4D-386F-1F26C75824AC">
<createdBy>Vincent</createdBy>
<createdTime>2023-04-05 11:43:48 UTC</createdTime>
<commentInRDBMS><![CDATA[Room ID]]></commentInRDBMS>
<generatorID>34BF65D4-F71B-24F2-3AC9-59BE71E95E74</generatorID>
<ownerDesignName>mf_logical</ownerDesignName>
<engineerTo>
<item key="0ADDD479-CD4B-9C12-63C9-013028AB8AE4" value="true"/>
</engineerTo>
<referedAttribute>E7124A01-D1DB-61C5-B4CE-75B644B62EEC</referedAttribute>
<useDomainConstraints>false</useDomainConstraints>
<use>1</use>
<logicalDatatype>LOGDT019</logicalDatatype>
<dataTypePrecision>7</dataTypePrecision>
<ownDataTypeParameters>,,</ownDataTypeParameters>
</Attribute>
<Attribute name="rh_recrate" id="226E8080-15F0-52C7-2BD1-C2A23D6DBE65">
<createdBy>Vincent</createdBy>
<createdTime>2023-04-05 11:46:20 UTC</createdTime>
<commentInRDBMS><![CDATA[Recorded hourly rate for function room]]></commentInRDBMS>
<ownerDesignName>mf_logical</ownerDesignName>
<engineerTo>
<item key="0ADDD479-CD4B-9C12-63C9-013028AB8AE4" value="true"/>
</engineerTo>
<useDomainConstraints>false</useDomainConstraints>
<use>1</use>
<logicalDatatype>LOGDT019</logicalDatatype>
<dataTypePrecision>4</dataTypePrecision>
<ownDataTypeParameters>,4,</ownDataTypeParameters>
</Attribute>
<Attribute name="rh_recdate" id="480A9EEF-F236-D743-2C7B-75942215B12F">
<createdBy>Vincent</createdBy>
<createdTime>2023-04-05 11:47:05 UTC</createdTime>
<commentInRDBMS><![CDATA[The date when room rate is recorded]]></commentInRDBMS>
<ownerDesignName>mf_logical</ownerDesignName>
<engineerTo>
<item key="0ADDD479-CD4B-9C12-63C9-013028AB8AE4" value="true"/>
</engineerTo>
<useDomainConstraints>false</useDomainConstraints>
<use>1</use>
<logicalDatatype>LOGDT007</logicalDatatype>
<ownDataTypeParameters>,,</ownDataTypeParameters>
</Attribute>
</attributes>
<identifiers itemClass="oracle.dbtools.crest.model.design.logical.CandidateKey">
<identifier id="4C627D4E-5D56-5ADD-1D73-8EA71D89D717" name="RATE_HISTORY PK">
<createdBy>Vincent</createdBy>
<createdTime>2023-04-05 11:57:30 UTC</createdTime>
<ownerDesignName>mf_logical</ownerDesignName>
<engineerTo>
<item key="0ADDD479-CD4B-9C12-63C9-013028AB8AE4" value="true"/>
</engineerTo>
<pk>true</pk>
<usedAttributes>
<attributeRef>590F3199-7507-5B4D-386F-1F26C75824AC</attributeRef>
</usedAttributes>
</identifier>
</identifiers>
</Entity>
