<?xml version = '1.0' encoding = 'UTF-8'?>
<Entity class="oracle.dbtools.crest.model.design.logical.Entity" directorySegmentName="seg_0" id="EF55DA65-1322-C628-A504-9C6265C2F7B4" name="FUNCTION_ROOM">
<createdBy>Vincent</createdBy>
<createdTime>2023-03-22 12:48:18 UTC</createdTime>
<ownerDesignName>mf_logical</ownerDesignName>
<engineerTo>
<item key="0ADDD479-CD4B-9C12-63C9-013028AB8AE4" value="true"/>
</engineerTo>
<adequatelyNormalized>NO</adequatelyNormalized>
<expectedVolumes>0</expectedVolumes>
<fwdEngineeringStrategyName>Single Table</fwdEngineeringStrategyName>
<growthPercent>0</growthPercent>
<growthType>Year</growthType>
<maxVolumes>9999999</maxVolumes>
<minVolumes>0</minVolumes>
<normalForm>Third</normalForm>
<attributes itemClass="oracle.dbtools.crest.model.design.logical.Attribute">
<Attribute name="room_id" id="E7124A01-D1DB-61C5-B4CE-75B644B62EEC">
<createdBy>Vincent</createdBy>
<createdTime>2023-03-22 12:48:49 UTC</createdTime>
<commentInRDBMS><![CDATA[Room ID]]></commentInRDBMS>
<ownerDesignName>mf_logical</ownerDesignName>
<engineerTo>
<item key="0ADDD479-CD4B-9C12-63C9-013028AB8AE4" value="true"/>
</engineerTo>
<useDomainConstraints>false</useDomainConstraints>
<use>1</use>
<logicalDatatype>LOGDT019</logicalDatatype>
<dataTypePrecision>7</dataTypePrecision>
<ownDataTypeParameters>,7,</ownDataTypeParameters>
</Attribute>
<Attribute name="room_street" id="7C7A6801-1456-396E-717E-4357C393EF1B">
<createdBy>Vincent</createdBy>
<createdTime>2023-03-22 12:49:39 UTC</createdTime>
<commentInRDBMS><![CDATA[Function room's street address]]></commentInRDBMS>
<ownerDesignName>mf_logical</ownerDesignName>
<engineerTo>
<item key="0ADDD479-CD4B-9C12-63C9-013028AB8AE4" value="true"/>
</engineerTo>
<useDomainConstraints>false</useDomainConstraints>
<use>1</use>
<logicalDatatype>LOGDT024</logicalDatatype>
<dataTypeSize>100</dataTypeSize>
<ownDataTypeParameters>100,,</ownDataTypeParameters>
</Attribute>
<Attribute name="room_suburb" id="5B8C60FA-C210-4C71-A800-F7EB9CB8198C">
<createdBy>Vincent</createdBy>
<createdTime>2023-03-22 12:50:43 UTC</createdTime>
<commentInRDBMS><![CDATA[Function room's suburb]]></commentInRDBMS>
<ownerDesignName>mf_logical</ownerDesignName>
<engineerTo>
<item key="0ADDD479-CD4B-9C12-63C9-013028AB8AE4" value="true"/>
</engineerTo>
<useDomainConstraints>false</useDomainConstraints>
<use>1</use>
<logicalDatatype>LOGDT024</logicalDatatype>
<dataTypeSize>100</dataTypeSize>
<ownDataTypeParameters>100,,</ownDataTypeParameters>
</Attribute>
<Attribute name="room_cap" id="4429DDD5-78F4-103C-2352-136DA62F6AE2">
<createdBy>Vincent</createdBy>
<createdTime>2023-03-22 12:51:56 UTC</createdTime>
<commentInRDBMS><![CDATA[Room capacity for maximum guest numbers]]></commentInRDBMS>
<ownerDesignName>mf_logical</ownerDesignName>
<engineerTo>
<item key="0ADDD479-CD4B-9C12-63C9-013028AB8AE4" value="true"/>
</engineerTo>
<useDomainConstraints>false</useDomainConstraints>
<use>1</use>
<logicalDatatype>LOGDT019</logicalDatatype>
<dataTypePrecision>4</dataTypePrecision>
<ownDataTypeParameters>,4,</ownDataTypeParameters>
</Attribute>
<Attribute name="room_rate" id="D479E6F4-479B-578D-3B0F-F656DDF14FEE">
<createdBy>Vincent</createdBy>
<createdTime>2023-03-22 12:54:48 UTC</createdTime>
<commentInRDBMS><![CDATA[Function room's hourly rate]]></commentInRDBMS>
<ownerDesignName>mf_logical</ownerDesignName>
<engineerTo>
<item key="0ADDD479-CD4B-9C12-63C9-013028AB8AE4" value="true"/>
</engineerTo>
<useDomainConstraints>false</useDomainConstraints>
<use>1</use>
<logicalDatatype>LOGDT019</logicalDatatype>
<dataTypePrecision>4</dataTypePrecision>
<ownDataTypeParameters>,4,</ownDataTypeParameters>
</Attribute>
<Attribute name="room_park" id="206E460B-1D15-7F8E-F7AA-09763363F81C">
<createdBy>Vincent</createdBy>
<createdTime>2023-03-26 01:04:48 UTC</createdTime>
<commentInRDBMS><![CDATA[Whether the function room has on-site parking]]></commentInRDBMS>
<ownerDesignName>mf_logical</ownerDesignName>
<engineerTo>
<item key="0ADDD479-CD4B-9C12-63C9-013028AB8AE4" value="true"/>
</engineerTo>
<useDomainConstraints>false</useDomainConstraints>
<use>1</use>
<logicalDatatype>LOGDT025</logicalDatatype>
<dataTypeSize>1</dataTypeSize>
<listOfValues>
<valueDef value="N" description="NO"/>
<valueDef value="Y" description="YES"/>
</listOfValues>
<ownDataTypeParameters>1,,</ownDataTypeParameters>
</Attribute>
</attributes>
<identifiers itemClass="oracle.dbtools.crest.model.design.logical.CandidateKey">
<identifier id="4E40926D-C80E-EC64-8AB6-E0EB5D17C2F2" name="FUNCTION ROOM PK">
<createdBy>Vincent</createdBy>
<createdTime>2023-03-22 12:49:20 UTC</createdTime>
<ownerDesignName>mf_logical</ownerDesignName>
<engineerTo>
<item key="0ADDD479-CD4B-9C12-63C9-013028AB8AE4" value="true"/>
</engineerTo>
<pk>true</pk>
<usedAttributes>
<attributeRef>E7124A01-D1DB-61C5-B4CE-75B644B62EEC</attributeRef>
</usedAttributes>
</identifier>
</identifiers>
</Entity>
