<?xml version = '1.0' encoding = 'UTF-8'?>
<Relation class="oracle.dbtools.crest.model.design.logical.Relation" name="CUISINE_BOOKING" directorySegmentName="seg_0" id="14D31D62-5214-4B01-9C34-6C63AD0EBEA4">
<createdBy>Vincent</createdBy>
<createdTime>2023-03-22 15:03:18 UTC</createdTime>
<ownerDesignName>mf_logical</ownerDesignName>
<engineerTo>
<item key="CF7DEFEC-5980-91AB-0228-D2EFC7EFAA0D" value="true"/>
</engineerTo>
<sourcePk>284365FF-3EB0-2A5C-5214-0F477F9DBE11</sourcePk>
<identifying>false</identifying>
<nameOnSource>is nominated for</nameOnSource>
<nameOnTarget> </nameOnTarget>
<optionalSource>true</optionalSource>
<optionalTarget>true</optionalTarget>
<sourceCardinality>1</sourceCardinality>
<sourceEntity>8419DF64-3157-8A13-792A-07D33AB91B40</sourceEntity>
<targetCardinalityString>*</targetCardinalityString>
<targetEntity>5FDCCDF9-9108-5012-CC29-F41AA50C365E</targetEntity>
<transferable>true</transferable>
<deleteRule>NO ACTION</deleteRule>
</Relation>
