<?xml version = '1.0' encoding = 'UTF-8'?>
<Relation class="oracle.dbtools.crest.model.design.logical.Relation" name="CUISINE_SPEC" directorySegmentName="seg_0" id="1F95B61C-E038-9192-F316-290C134DB16C">
<createdBy>Vincent</createdBy>
<createdTime>2023-03-29 11:06:40 UTC</createdTime>
<ownerDesignName>mf_logical</ownerDesignName>
<engineerTo>
<item key="0ADDD479-CD4B-9C12-63C9-013028AB8AE4" value="true"/>
</engineerTo>
<sourcePk>284365FF-3EB0-2A5C-5214-0F477F9DBE11</sourcePk>
<identifying>true</identifying>
<nameOnSource>is included in</nameOnSource>
<nameOnTarget> </nameOnTarget>
<optionalSource>false</optionalSource>
<optionalTarget>false</optionalTarget>
<sourceCardinality>1</sourceCardinality>
<sourceEntity>8419DF64-3157-8A13-792A-07D33AB91B40</sourceEntity>
<targetCardinalityString>*</targetCardinalityString>
<targetEntity>AC0E51CD-BC63-B590-F1C4-6DC105D3958C</targetEntity>
<transferable>true</transferable>
<deleteRule>NO ACTION</deleteRule>
</Relation>
