<?xml version = '1.0' encoding = 'UTF-8'?>
<Relation class="oracle.dbtools.crest.model.design.logical.Relation" name="BOOKING_FUNCTIONROOM" directorySegmentName="seg_0" id="236A6EF6-9D54-3C19-864F-B6BA31D0FA2E">
<createdBy>Vincent</createdBy>
<createdTime>2023-03-22 15:11:19 UTC</createdTime>
<ownerDesignName>mf_logical</ownerDesignName>
<engineerTo>
<item key="CF7DEFEC-5980-91AB-0228-D2EFC7EFAA0D" value="true"/>
</engineerTo>
<sourcePk>4E40926D-C80E-EC64-8AB6-E0EB5D17C2F2</sourcePk>
<identifying>false</identifying>
<nameOnSource>assigns</nameOnSource>
<nameOnTarget> </nameOnTarget>
<optionalSource>true</optionalSource>
<optionalTarget>true</optionalTarget>
<sourceCardinality>1</sourceCardinality>
<sourceEntity>EF55DA65-1322-C628-A504-9C6265C2F7B4</sourceEntity>
<targetCardinalityString>*</targetCardinalityString>
<targetEntity>5FDCCDF9-9108-5012-CC29-F41AA50C365E</targetEntity>
<transferable>true</transferable>
<deleteRule>NO ACTION</deleteRule>
</Relation>
