<?xml version = '1.0' encoding = 'UTF-8'?>
<Relation class="oracle.dbtools.crest.model.design.logical.Relation" name="CUSTOMER_PAYMENT" directorySegmentName="seg_0" id="2C2A86E2-ECFD-BA50-80EE-44F2DDFA4FC1">
<createdBy>Vincent</createdBy>
<createdTime>2023-04-05 11:29:36 UTC</createdTime>
<ownerDesignName>mf_logical</ownerDesignName>
<engineerTo>
<item key="0ADDD479-CD4B-9C12-63C9-013028AB8AE4" value="true"/>
</engineerTo>
<sourcePk>CF01CEFF-17AC-4EC2-6923-74D46C6FEDB5</sourcePk>
<identifying>false</identifying>
<nameOnSource>makes</nameOnSource>
<nameOnTarget> </nameOnTarget>
<optionalSource>true</optionalSource>
<optionalTarget>false</optionalTarget>
<sourceCardinality>1</sourceCardinality>
<sourceEntity>68C42670-8D6A-18A8-C2AB-8074C4267C8B</sourceEntity>
<targetCardinalityString>*</targetCardinalityString>
<targetEntity>7F9DB407-38FB-0353-728B-8B0AF3FC8DC5</targetEntity>
<transferable>true</transferable>
<deleteRule>NO ACTION</deleteRule>
</Relation>
