<?xml version = '1.0' encoding = 'UTF-8'?>
<Relation class="oracle.dbtools.crest.model.design.logical.Relation" name="ROOM_RATE_HISTORY" directorySegmentName="seg_0" id="34BF65D4-F71B-24F2-3AC9-59BE71E95E74">
<createdBy>Vincent</createdBy>
<createdTime>2023-04-05 11:43:48 UTC</createdTime>
<ownerDesignName>mf_logical</ownerDesignName>
<engineerTo>
<item key="0ADDD479-CD4B-9C12-63C9-013028AB8AE4" value="true"/>
</engineerTo>
<sourcePk>4E40926D-C80E-EC64-8AB6-E0EB5D17C2F2</sourcePk>
<identifying>true</identifying>
<nameOnSource>has</nameOnSource>
<nameOnTarget> </nameOnTarget>
<optionalSource>false</optionalSource>
<optionalTarget>false</optionalTarget>
<sourceCardinality>1</sourceCardinality>
<sourceEntity>EF55DA65-1322-C628-A504-9C6265C2F7B4</sourceEntity>
<targetCardinalityString>*</targetCardinalityString>
<targetEntity>AEA1DC5E-2428-533E-9580-2968ADCD94F2</targetEntity>
<transferable>true</transferable>
<deleteRule>NO ACTION</deleteRule>
</Relation>
