<?xml version = '1.0' encoding = 'UTF-8'?>
<Relation class="oracle.dbtools.crest.model.design.logical.Relation" name="FROOM_MAINTENANCE" directorySegmentName="seg_0" id="5AF99C10-0934-DE03-02A3-14231D1DF696">
<createdBy>Vincent</createdBy>
<createdTime>2023-03-22 15:16:14 UTC</createdTime>
<ownerDesignName>mf_logical</ownerDesignName>
<engineerTo>
<item key="0ADDD479-CD4B-9C12-63C9-013028AB8AE4" value="true"/>
</engineerTo>
<sourcePk>4E40926D-C80E-EC64-8AB6-E0EB5D17C2F2</sourcePk>
<identifying>false</identifying>
<nameOnSource>is unavailable when</nameOnSource>
<nameOnTarget> </nameOnTarget>
<optionalSource>true</optionalSource>
<optionalTarget>false</optionalTarget>
<sourceCardinality>1</sourceCardinality>
<sourceEntity>EF55DA65-1322-C628-A504-9C6265C2F7B4</sourceEntity>
<targetCardinalityString>*</targetCardinalityString>
<targetEntity>7D4E60CA-82ED-473B-AE5D-A3BF6EE6B807</targetEntity>
<transferable>true</transferable>
<deleteRule>NO ACTION</deleteRule>
</Relation>
