<?xml version = '1.0' encoding = 'UTF-8'?>
<Relation class="oracle.dbtools.crest.model.design.logical.Relation" name="ROOMEVAL_MAINTENANCE" directorySegmentName="seg_0" id="82F4E683-F430-DB96-AFC8-B0D2D411871B">
<createdBy>Vincent</createdBy>
<createdTime>2023-03-22 15:32:54 UTC</createdTime>
<ownerDesignName>mf_logical</ownerDesignName>
<engineerTo>
<item key="0ADDD479-CD4B-9C12-63C9-013028AB8AE4" value="true"/>
</engineerTo>
<sourcePk>51C38A97-9E0E-9A99-46AA-B4C335B0AEA0</sourcePk>
<identifying>false</identifying>
<nameOnSource>triggers</nameOnSource>
<nameOnTarget> </nameOnTarget>
<optionalSource>true</optionalSource>
<optionalTarget>false</optionalTarget>
<sourceCardinality>1</sourceCardinality>
<sourceEntity>9F6027B1-2FE3-6BA5-526A-A2F8D53EA5B5</sourceEntity>
<targetCardinalityString>1</targetCardinalityString>
<targetEntity>7D4E60CA-82ED-473B-AE5D-A3BF6EE6B807</targetEntity>
<transferable>true</transferable>
<deleteRule>NO ACTION</deleteRule>
</Relation>
