<?xml version = '1.0' encoding = 'UTF-8'?>
<Relation class="oracle.dbtools.crest.model.design.logical.Relation" name="CHEF_SPEC" directorySegmentName="seg_0" id="85ACDF0F-8E67-2292-4C6A-1EE3BF3FFFA4">
<createdBy>Vincent</createdBy>
<createdTime>2023-03-29 11:06:06 UTC</createdTime>
<ownerDesignName>mf_logical</ownerDesignName>
<engineerTo>
<item key="0ADDD479-CD4B-9C12-63C9-013028AB8AE4" value="true"/>
</engineerTo>
<sourcePk>FB3AC37C-26A3-C020-E4DD-64A79A38A228</sourcePk>
<identifying>true</identifying>
<nameOnSource>has</nameOnSource>
<nameOnTarget> </nameOnTarget>
<optionalSource>false</optionalSource>
<optionalTarget>false</optionalTarget>
<sourceCardinality>1</sourceCardinality>
<sourceEntity>43411FA2-FA53-20DC-F99D-5A7010F0E658</sourceEntity>
<targetCardinalityString>*</targetCardinalityString>
<targetEntity>AC0E51CD-BC63-B590-F1C4-6DC105D3958C</targetEntity>
<transferable>true</transferable>
<deleteRule>NO ACTION</deleteRule>
</Relation>
