<?xml version = '1.0' encoding = 'UTF-8'?>
<Relation class="oracle.dbtools.crest.model.design.logical.Relation" name="FROOM_EVALUATION" directorySegmentName="seg_0" id="C94398E9-E181-4248-D0BA-7C75E8829FCA">
<createdBy>Vincent</createdBy>
<createdTime>2023-03-22 15:29:51 UTC</createdTime>
<ownerDesignName>mf_logical</ownerDesignName>
<engineerTo>
<item key="0ADDD479-CD4B-9C12-63C9-013028AB8AE4" value="true"/>
</engineerTo>
<sourcePk>4E40926D-C80E-EC64-8AB6-E0EB5D17C2F2</sourcePk>
<identifying>false</identifying>
<nameOnSource>is determined by</nameOnSource>
<nameOnTarget> </nameOnTarget>
<optionalSource>false</optionalSource>
<optionalTarget>false</optionalTarget>
<sourceCardinality>1</sourceCardinality>
<sourceEntity>EF55DA65-1322-C628-A504-9C6265C2F7B4</sourceEntity>
<targetCardinalityString>*</targetCardinalityString>
<targetEntity>9F6027B1-2FE3-6BA5-526A-A2F8D53EA5B5</targetEntity>
<transferable>true</transferable>
<deleteRule>NO ACTION</deleteRule>
</Relation>
