<?xml version = '1.0' encoding = 'UTF-8'?>
<Relation class="oracle.dbtools.crest.model.design.logical.Relation" name="CUSTOMER_BOOKING" directorySegmentName="seg_0" id="CB80509E-4F0A-2702-9628-E9D574243858">
<createdBy>Vincent</createdBy>
<createdTime>2023-03-22 14:58:14 UTC</createdTime>
<ownerDesignName>mf_logical</ownerDesignName>
<engineerTo>
<item key="CF7DEFEC-5980-91AB-0228-D2EFC7EFAA0D" value="true"/>
</engineerTo>
<sourcePk>CF01CEFF-17AC-4EC2-6923-74D46C6FEDB5</sourcePk>
<identifying>false</identifying>
<nameOnSource>makes</nameOnSource>
<nameOnTarget> </nameOnTarget>
<optionalSource>true</optionalSource>
<optionalTarget>false</optionalTarget>
<sourceCardinality>1</sourceCardinality>
<sourceEntity>68C42670-8D6A-18A8-C2AB-8074C4267C8B</sourceEntity>
<targetCardinalityString>*</targetCardinalityString>
<targetEntity>5FDCCDF9-9108-5012-CC29-F41AA50C365E</targetEntity>
<transferable>true</transferable>
<deleteRule>NO ACTION</deleteRule>
</Relation>
