<?xml version = '1.0' encoding = 'UTF-8'?>
<Relation class="oracle.dbtools.crest.model.design.logical.Relation" name="CHEF_CHEFARRANGEMENT" directorySegmentName="seg_0" id="D1671A02-CB0B-E5F5-5C06-6EF87022378D">
<createdBy>Vincent</createdBy>
<createdTime>2023-03-22 15:07:21 UTC</createdTime>
<ownerDesignName>mf_logical</ownerDesignName>
<engineerTo>
<item key="CF7DEFEC-5980-91AB-0228-D2EFC7EFAA0D" value="true"/>
</engineerTo>
<sourcePk>FB3AC37C-26A3-C020-E4DD-64A79A38A228</sourcePk>
<identifying>true</identifying>
<nameOnSource>works for</nameOnSource>
<nameOnTarget> </nameOnTarget>
<optionalSource>true</optionalSource>
<optionalTarget>false</optionalTarget>
<sourceCardinality>1</sourceCardinality>
<sourceEntity>43411FA2-FA53-20DC-F99D-5A7010F0E658</sourceEntity>
<targetCardinalityString>*</targetCardinalityString>
<targetEntity>11D85976-35BA-871A-EAF5-44E4FC8179E6</targetEntity>
<transferable>true</transferable>
<deleteRule>NO ACTION</deleteRule>
</Relation>
