<?xml version = '1.0' encoding = 'UTF-8'?>
<Relation class="oracle.dbtools.crest.model.design.logical.Relation" name="CHEF_ROOMEVAL" directorySegmentName="seg_0" id="E3C3A15E-9147-42DE-9874-4C0A1403B6DB">
<createdBy>Vincent</createdBy>
<createdTime>2023-03-22 15:27:45 UTC</createdTime>
<ownerDesignName>mf_logical</ownerDesignName>
<engineerTo>
<item key="CF7DEFEC-5980-91AB-0228-D2EFC7EFAA0D" value="true"/>
</engineerTo>
<sourcePk>FB3AC37C-26A3-C020-E4DD-64A79A38A228</sourcePk>
<identifying>false</identifying>
<nameOnSource>conducts</nameOnSource>
<nameOnTarget> </nameOnTarget>
<optionalSource>true</optionalSource>
<optionalTarget>false</optionalTarget>
<sourceCardinality>1</sourceCardinality>
<sourceEntity>43411FA2-FA53-20DC-F99D-5A7010F0E658</sourceEntity>
<targetCardinalityString>*</targetCardinalityString>
<targetEntity>9F6027B1-2FE3-6BA5-526A-A2F8D53EA5B5</targetEntity>
<transferable>true</transferable>
<deleteRule>NO ACTION</deleteRule>
</Relation>
