<?xml version = '1.0' encoding = 'UTF-8'?>
<Relation class="oracle.dbtools.crest.model.design.logical.Relation" name="BOOKING_CHEF_ARRANGE" directorySegmentName="seg_0" id="E7762556-2712-CF5D-4687-D668D4A428A2">
<createdBy>Vincent</createdBy>
<createdTime>2023-03-26 01:34:16 UTC</createdTime>
<ownerDesignName>mf_logical</ownerDesignName>
<engineerTo>
<item key="0ADDD479-CD4B-9C12-63C9-013028AB8AE4" value="true"/>
</engineerTo>
<sourcePk>56940E2D-74FD-6C4A-6A6E-FBB35237CEE1</sourcePk>
<identifying>true</identifying>
<nameOnSource>makes</nameOnSource>
<nameOnTarget> </nameOnTarget>
<optionalSource>true</optionalSource>
<optionalTarget>false</optionalTarget>
<sourceCardinality>1</sourceCardinality>
<sourceEntity>5FDCCDF9-9108-5012-CC29-F41AA50C365E</sourceEntity>
<targetCardinalityString>*</targetCardinalityString>
<targetEntity>11D85976-35BA-871A-EAF5-44E4FC8179E6</targetEntity>
<transferable>true</transferable>
<deleteRule>NO ACTION</deleteRule>
</Relation>
