<?xml version = '1.0' encoding = 'UTF-8'?>
<Relation class="oracle.dbtools.crest.model.design.logical.Relation" name="BOOKING PAYMENT" directorySegmentName="seg_0" id="EC3A814C-7ECD-36B7-F49E-1AA25995524A">
<createdBy>Vincent</createdBy>
<createdTime>2023-04-05 11:31:11 UTC</createdTime>
<ownerDesignName>mf_logical</ownerDesignName>
<engineerTo>
<item key="0ADDD479-CD4B-9C12-63C9-013028AB8AE4" value="true"/>
</engineerTo>
<sourcePk>56940E2D-74FD-6C4A-6A6E-FBB35237CEE1</sourcePk>
<identifying>false</identifying>
<nameOnSource>is guranteed by</nameOnSource>
<nameOnTarget> </nameOnTarget>
<optionalSource>true</optionalSource>
<optionalTarget>false</optionalTarget>
<sourceCardinality>1</sourceCardinality>
<sourceEntity>5FDCCDF9-9108-5012-CC29-F41AA50C365E</sourceEntity>
<targetCardinalityString>1</targetCardinalityString>
<targetEntity>7F9DB407-38FB-0353-728B-8B0AF3FC8DC5</targetEntity>
<transferable>true</transferable>
<deleteRule>NO ACTION</deleteRule>
</Relation>
