<?xml version = '1.0' encoding = 'UTF-8'?>
<Diagram class="oracle.dbtools.crest.swingui.logical.DPVLogical" name="Logical" id="170F09A5-F484-5BA7-E8E3-ED197AD9AE2C">
<createdBy>G26</createdBy>
<modifiedBy>G26</modifiedBy>
<createdTime>2023-03-22 07:15:18 UTC</createdTime>
<autoRoute>false</autoRoute>
<boxInbox>true</boxInbox>
<showLegend>true</showLegend>
<showLabels>true</showLabels>
<showRelAttributes>false</showRelAttributes>
<gridEnabled>false</gridEnabled>
<showGrid>false</showGrid>
<diagramColor>-1</diagramColor>
<display>false</display>
<notation>2</notation>
<showAllDetails>false</showAllDetails>
<showElements>true</showElements>
<objectViews>
<OView class="oracle.dbtools.crest.swingui.logical.TVEntity" oid="11D85976-35BA-871A-EAF5-44E4FC8179E6" otype="Entity" vid="4CA4BC8C-A1A5-CF26-FD6C-B9D156C8929F">
<hideElementsInCurrentOnly>false</hideElementsInCurrentOnly>
<bounds x="970" y="574" width="148" height="92"/>
</OView>
<OView class="oracle.dbtools.crest.swingui.logical.TVEntity" oid="43411FA2-FA53-20DC-F99D-5A7010F0E658" otype="Entity" vid="905DE953-AB46-6441-E387-76ACDCE7DD71">
<hideElementsInCurrentOnly>false</hideElementsInCurrentOnly>
<bounds x="1370" y="637" width="115" height="153"/>
</OView>
<OView class="oracle.dbtools.crest.swingui.logical.TVEntity" oid="5FDCCDF9-9108-5012-CC29-F41AA50C365E" otype="Entity" vid="5F2EBB29-4E55-1CCA-6DF0-ED22DD2A5787">
<hideElementsInCurrentOnly>false</hideElementsInCurrentOnly>
<bounds x="848" y="103" width="129" height="228"/>
</OView>
<OView class="oracle.dbtools.crest.swingui.logical.TVEntity" oid="68C42670-8D6A-18A8-C2AB-8074C4267C8B" otype="Entity" vid="137D8B7D-FF5F-D5DB-C3FE-0501260D3EB2">
<hideElementsInCurrentOnly>false</hideElementsInCurrentOnly>
<bounds x="271" y="79" width="119" height="136"/>
</OView>
<OView class="oracle.dbtools.crest.swingui.logical.TVEntity" oid="7D4E60CA-82ED-473B-AE5D-A3BF6EE6B807" otype="Entity" vid="4A7B366D-01AC-EF92-CA16-A9F79F923ACE">
<hideElementsInCurrentOnly>false</hideElementsInCurrentOnly>
<bounds x="1713" y="129" width="127" height="116"/>
</OView>
<OView class="oracle.dbtools.crest.swingui.logical.TVEntity" oid="7F9DB407-38FB-0353-728B-8B0AF3FC8DC5" otype="Entity" vid="D3FF6F9F-0EEC-9F07-2DE9-D8E9C0A8136A">
<hideElementsInCurrentOnly>false</hideElementsInCurrentOnly>
<bounds x="255" y="317" width="162" height="108"/>
</OView>
<OView class="oracle.dbtools.crest.swingui.logical.TVEntity" oid="8419DF64-3157-8A13-792A-07D33AB91B40" otype="Entity" vid="280D9F59-98D8-D35E-084E-AB3F980E76DA">
<hideElementsInCurrentOnly>false</hideElementsInCurrentOnly>
<bounds x="714" y="512" width="153" height="88"/>
</OView>
<OView class="oracle.dbtools.crest.swingui.TVLegend" oid="93245DC8-BD2E-C7C6-1D94-5C4EC9436171" otype="Legend" vid="85DF8D76-7EC7-D502-EE07-E69B314E2DF3">
<hideElementsInCurrentOnly>false</hideElementsInCurrentOnly>
<bounds x="10" y="10" width="232" height="135"/>
</OView>
<OView class="oracle.dbtools.crest.swingui.logical.TVEntity" oid="9F6027B1-2FE3-6BA5-526A-A2F8D53EA5B5" otype="Entity" vid="1B27B41B-A24B-DCB2-E8B5-7D56E8017E79">
<hideElementsInCurrentOnly>false</hideElementsInCurrentOnly>
<bounds x="1725" y="517" width="160" height="138"/>
</OView>
<OView class="oracle.dbtools.crest.swingui.logical.TVEntity" oid="AC0E51CD-BC63-B590-F1C4-6DC105D3958C" otype="Entity" vid="23FE1B1D-FDE5-B4E1-47AD-AA7C306100B7">
<hideElementsInCurrentOnly>false</hideElementsInCurrentOnly>
<bounds x="659" y="705" width="201" height="97"/>
</OView>
<OView class="oracle.dbtools.crest.swingui.logical.TVEntity" oid="AEA1DC5E-2428-533E-9580-2968ADCD94F2" otype="Entity" vid="26E12483-FE3C-4D77-C6A5-8AC5097FBE73">
<hideElementsInCurrentOnly>false</hideElementsInCurrentOnly>
<bounds x="1222" y="391" width="170" height="110"/>
</OView>
<OView class="oracle.dbtools.crest.swingui.logical.TVEntity" oid="EF55DA65-1322-C628-A504-9C6265C2F7B4" otype="Entity" vid="6D70C813-88A3-FDA9-0EC0-0501D9D3987E">
<hideElementsInCurrentOnly>false</hideElementsInCurrentOnly>
<bounds x="1192" y="94" width="152" height="159"/>
</OView>
</objectViews>
<connectors>
<Connector class="oracle.dbtools.crest.swingui.logical.TVRelation" oid="14D31D62-5214-4B01-9C34-6C63AD0EBEA4" otype="Relation" vid_source="280D9F59-98D8-D35E-084E-AB3F980E76DA" vid_target="5F2EBB29-4E55-1CCA-6DF0-ED22DD2A5787">
<hideElementsInCurrentOnly>false</hideElementsInCurrentOnly>
<backgroundColor>-16777216</backgroundColor>
<lineWidth>1</lineWidth>
<sourceLabel class="oracle.dbtools.crest.model.design.Label">
<site>0</site>
<labelBounds x="857" y="476" width="76" height="30"/>
<noBackgroundColor>true</noBackgroundColor>
<noForegroundColor>true</noForegroundColor>
</sourceLabel>
<targetLabel class="oracle.dbtools.crest.model.design.Label">
<site>2</site>
<labelBounds x="857" y="367" width="18" height="30"/>
<noBackgroundColor>true</noBackgroundColor>
<noForegroundColor>true</noForegroundColor>
</targetLabel>
<points>
<point x="857" y="512"/>
<point x="857" y="331"/>
</points>
</Connector>
<Connector class="oracle.dbtools.crest.swingui.logical.TVRelation" oid="1F95B61C-E038-9192-F316-290C134DB16C" otype="Relation" vid_source="280D9F59-98D8-D35E-084E-AB3F980E76DA" vid_target="23FE1B1D-FDE5-B4E1-47AD-AA7C306100B7">
<hideElementsInCurrentOnly>false</hideElementsInCurrentOnly>
<backgroundColor>-16777216</backgroundColor>
<lineWidth>1</lineWidth>
<sourceLabel class="oracle.dbtools.crest.model.design.Label">
<site>0</site>
<labelBounds x="787" y="644" width="79" height="30"/>
<noBackgroundColor>true</noBackgroundColor>
<noForegroundColor>true</noForegroundColor>
</sourceLabel>
<targetLabel class="oracle.dbtools.crest.model.design.Label">
<site>2</site>
<labelBounds x="787" y="669" width="18" height="30"/>
<noBackgroundColor>true</noBackgroundColor>
<noForegroundColor>true</noForegroundColor>
</targetLabel>
<points>
<point x="787" y="600"/>
<point x="787" y="705"/>
</points>
</Connector>
<Connector class="oracle.dbtools.crest.swingui.logical.TVRelation" oid="236A6EF6-9D54-3C19-864F-B6BA31D0FA2E" otype="Relation" vid_source="6D70C813-88A3-FDA9-0EC0-0501D9D3987E" vid_target="5F2EBB29-4E55-1CCA-6DF0-ED22DD2A5787">
<hideElementsInCurrentOnly>false</hideElementsInCurrentOnly>
<backgroundColor>-16777216</backgroundColor>
<lineWidth>1</lineWidth>
<sourceLabel class="oracle.dbtools.crest.model.design.Label">
<site>0</site>
<labelBounds x="1108" y="148" width="78" height="30"/>
<noBackgroundColor>true</noBackgroundColor>
<noForegroundColor>true</noForegroundColor>
</sourceLabel>
<targetLabel class="oracle.dbtools.crest.model.design.Label">
<site>2</site>
<labelBounds x="987" y="181" width="18" height="33"/>
<noBackgroundColor>true</noBackgroundColor>
<noForegroundColor>true</noForegroundColor>
</targetLabel>
<points>
<point x="1192" y="178"/>
<point x="977" y="178"/>
</points>
</Connector>
<Connector class="oracle.dbtools.crest.swingui.logical.TVRelation" oid="2C2A86E2-ECFD-BA50-80EE-44F2DDFA4FC1" otype="Relation" vid_source="137D8B7D-FF5F-D5DB-C3FE-0501260D3EB2" vid_target="D3FF6F9F-0EEC-9F07-2DE9-D8E9C0A8136A">
<hideElementsInCurrentOnly>false</hideElementsInCurrentOnly>
<backgroundColor>-16777216</backgroundColor>
<lineWidth>1</lineWidth>
<sourceLabel class="oracle.dbtools.crest.model.design.Label">
<site>0</site>
<labelBounds x="330" y="251" width="44" height="30"/>
<noBackgroundColor>true</noBackgroundColor>
<noForegroundColor>true</noForegroundColor>
</sourceLabel>
<targetLabel class="oracle.dbtools.crest.model.design.Label">
<site>2</site>
<labelBounds x="330" y="281" width="18" height="30"/>
<noBackgroundColor>true</noBackgroundColor>
<noForegroundColor>true</noForegroundColor>
</targetLabel>
<points>
<point x="330" y="215"/>
<point x="330" y="317"/>
</points>
</Connector>
<Connector class="oracle.dbtools.crest.swingui.logical.TVRelation" oid="34BF65D4-F71B-24F2-3AC9-59BE71E95E74" otype="Relation" vid_source="6D70C813-88A3-FDA9-0EC0-0501D9D3987E" vid_target="26E12483-FE3C-4D77-C6A5-8AC5097FBE73">
<hideElementsInCurrentOnly>false</hideElementsInCurrentOnly>
<backgroundColor>-16777216</backgroundColor>
<lineWidth>1</lineWidth>
<sourceLabel class="oracle.dbtools.crest.model.design.Label">
<site>0</site>
<labelBounds x="1283" y="297" width="31" height="30"/>
<noBackgroundColor>true</noBackgroundColor>
<noForegroundColor>true</noForegroundColor>
</sourceLabel>
<targetLabel class="oracle.dbtools.crest.model.design.Label">
<site>2</site>
<labelBounds x="1283" y="355" width="18" height="30"/>
<noBackgroundColor>true</noBackgroundColor>
<noForegroundColor>true</noForegroundColor>
</targetLabel>
<points>
<point x="1283" y="253"/>
<point x="1283" y="391"/>
</points>
</Connector>
<Connector class="oracle.dbtools.crest.swingui.logical.TVRelation" oid="5AF99C10-0934-DE03-02A3-14231D1DF696" otype="Relation" vid_source="6D70C813-88A3-FDA9-0EC0-0501D9D3987E" vid_target="4A7B366D-01AC-EF92-CA16-A9F79F923ACE">
<hideElementsInCurrentOnly>false</hideElementsInCurrentOnly>
<backgroundColor>-16777216</backgroundColor>
<lineWidth>1</lineWidth>
<sourceLabel class="oracle.dbtools.crest.model.design.Label">
<site>0</site>
<labelBounds x="1354" y="157" width="72" height="30"/>
<noBackgroundColor>true</noBackgroundColor>
<noForegroundColor>true</noForegroundColor>
</sourceLabel>
<targetLabel class="oracle.dbtools.crest.model.design.Label">
<site>2</site>
<labelBounds x="1688" y="190" width="19" height="30"/>
<noBackgroundColor>true</noBackgroundColor>
<noForegroundColor>true</noForegroundColor>
</targetLabel>
<points>
<point x="1344" y="187"/>
<point x="1713" y="187"/>
</points>
</Connector>
<Connector class="oracle.dbtools.crest.swingui.logical.TVRelation" oid="82F4E683-F430-DB96-AFC8-B0D2D411871B" otype="Relation" vid_source="1B27B41B-A24B-DCB2-E8B5-7D56E8017E79" vid_target="4A7B366D-01AC-EF92-CA16-A9F79F923ACE">
<hideElementsInCurrentOnly>false</hideElementsInCurrentOnly>
<backgroundColor>-16777216</backgroundColor>
<lineWidth>1</lineWidth>
<sourceLabel class="oracle.dbtools.crest.model.design.Label">
<site>0</site>
<labelBounds x="1782" y="481" width="49" height="30"/>
<noBackgroundColor>true</noBackgroundColor>
<noForegroundColor>true</noForegroundColor>
</sourceLabel>
<targetLabel class="oracle.dbtools.crest.model.design.Label">
<site>2</site>
<labelBounds x="1782" y="289" width="18" height="30"/>
<noBackgroundColor>true</noBackgroundColor>
<noForegroundColor>true</noForegroundColor>
</targetLabel>
<points>
<point x="1782" y="517"/>
<point x="1782" y="245"/>
</points>
</Connector>
<Connector class="oracle.dbtools.crest.swingui.logical.TVRelation" oid="85ACDF0F-8E67-2292-4C6A-1EE3BF3FFFA4" otype="Relation" vid_source="905DE953-AB46-6441-E387-76ACDCE7DD71" vid_target="23FE1B1D-FDE5-B4E1-47AD-AA7C306100B7">
<hideElementsInCurrentOnly>false</hideElementsInCurrentOnly>
<backgroundColor>-16777216</backgroundColor>
<lineWidth>1</lineWidth>
<sourceLabel class="oracle.dbtools.crest.model.design.Label">
<site>0</site>
<labelBounds x="1333" y="717" width="31" height="30"/>
<noBackgroundColor>true</noBackgroundColor>
<noForegroundColor>true</noForegroundColor>
</sourceLabel>
<targetLabel class="oracle.dbtools.crest.model.design.Label">
<site>2</site>
<labelBounds x="870" y="750" width="18" height="30"/>
<noBackgroundColor>true</noBackgroundColor>
<noForegroundColor>true</noForegroundColor>
</targetLabel>
<points>
<point x="1370" y="747"/>
<point x="860" y="747"/>
</points>
</Connector>
<Connector class="oracle.dbtools.crest.swingui.logical.TVRelation" oid="C94398E9-E181-4248-D0BA-7C75E8829FCA" otype="Relation" vid_source="6D70C813-88A3-FDA9-0EC0-0501D9D3987E" vid_target="1B27B41B-A24B-DCB2-E8B5-7D56E8017E79">
<hideElementsInCurrentOnly>false</hideElementsInCurrentOnly>
<backgroundColor>-16777216</backgroundColor>
<lineWidth>1</lineWidth>
<sourceLabel class="oracle.dbtools.crest.model.design.Label">
<site>0</site>
<labelBounds x="1354" y="231" width="83" height="30"/>
<noBackgroundColor>true</noBackgroundColor>
<noForegroundColor>true</noForegroundColor>
</sourceLabel>
<targetLabel class="oracle.dbtools.crest.model.design.Label">
<site>2</site>
<labelBounds x="1701" y="524" width="18" height="30"/>
<noBackgroundColor>true</noBackgroundColor>
<noForegroundColor>true</noForegroundColor>
</targetLabel>
<points>
<point x="1344" y="231"/>
<point x="1725" y="524"/>
</points>
</Connector>
<Connector class="oracle.dbtools.crest.swingui.logical.TVRelation" oid="CB80509E-4F0A-2702-9628-E9D574243858" otype="Relation" vid_source="137D8B7D-FF5F-D5DB-C3FE-0501260D3EB2" vid_target="5F2EBB29-4E55-1CCA-6DF0-ED22DD2A5787">
<hideElementsInCurrentOnly>false</hideElementsInCurrentOnly>
<backgroundColor>-16777216</backgroundColor>
<lineWidth>1</lineWidth>
<sourceLabel class="oracle.dbtools.crest.model.design.Label">
<site>0</site>
<labelBounds x="400" y="129" width="44" height="30"/>
<noBackgroundColor>true</noBackgroundColor>
<noForegroundColor>true</noForegroundColor>
</sourceLabel>
<targetLabel class="oracle.dbtools.crest.model.design.Label">
<site>2</site>
<labelBounds x="824" y="162" width="18" height="30"/>
<noBackgroundColor>true</noBackgroundColor>
<noForegroundColor>true</noForegroundColor>
</targetLabel>
<points>
<point x="390" y="159"/>
<point x="848" y="159"/>
</points>
</Connector>
<Connector class="oracle.dbtools.crest.swingui.logical.TVRelation" oid="D1671A02-CB0B-E5F5-5C06-6EF87022378D" otype="Relation" vid_source="905DE953-AB46-6441-E387-76ACDCE7DD71" vid_target="4CA4BC8C-A1A5-CF26-FD6C-B9D156C8929F">
<hideElementsInCurrentOnly>false</hideElementsInCurrentOnly>
<backgroundColor>-16777216</backgroundColor>
<lineWidth>1</lineWidth>
<sourceLabel class="oracle.dbtools.crest.model.design.Label">
<site>0</site>
<labelBounds x="1310" y="621" width="54" height="30"/>
<noBackgroundColor>true</noBackgroundColor>
<noForegroundColor>true</noForegroundColor>
</sourceLabel>
<targetLabel class="oracle.dbtools.crest.model.design.Label">
<site>2</site>
<labelBounds x="1128" y="654" width="18" height="30"/>
<noBackgroundColor>true</noBackgroundColor>
<noForegroundColor>true</noForegroundColor>
</targetLabel>
<points>
<point x="1370" y="651"/>
<point x="1118" y="651"/>
</points>
</Connector>
<Connector class="oracle.dbtools.crest.swingui.logical.TVRelation" oid="E3C3A15E-9147-42DE-9874-4C0A1403B6DB" otype="Relation" vid_source="905DE953-AB46-6441-E387-76ACDCE7DD71" vid_target="1B27B41B-A24B-DCB2-E8B5-7D56E8017E79">
<hideElementsInCurrentOnly>false</hideElementsInCurrentOnly>
<backgroundColor>-16777216</backgroundColor>
<lineWidth>1</lineWidth>
<sourceLabel class="oracle.dbtools.crest.model.design.Label">
<site>0</site>
<labelBounds x="1495" y="616" width="49" height="30"/>
<noBackgroundColor>true</noBackgroundColor>
<noForegroundColor>true</noForegroundColor>
</sourceLabel>
<targetLabel class="oracle.dbtools.crest.model.design.Label">
<site>2</site>
<labelBounds x="1701" y="649" width="18" height="30"/>
<noBackgroundColor>true</noBackgroundColor>
<noForegroundColor>true</noForegroundColor>
</targetLabel>
<points>
<point x="1485" y="646"/>
<point x="1725" y="646"/>
</points>
</Connector>
<Connector class="oracle.dbtools.crest.swingui.logical.TVRelation" oid="E7762556-2712-CF5D-4687-D668D4A428A2" otype="Relation" vid_source="5F2EBB29-4E55-1CCA-6DF0-ED22DD2A5787" vid_target="4CA4BC8C-A1A5-CF26-FD6C-B9D156C8929F">
<hideElementsInCurrentOnly>false</hideElementsInCurrentOnly>
<backgroundColor>-16777216</backgroundColor>
<lineWidth>1</lineWidth>
<sourceLabel class="oracle.dbtools.crest.model.design.Label">
<site>0</site>
<labelBounds x="973" y="391" width="44" height="30"/>
<noBackgroundColor>true</noBackgroundColor>
<noForegroundColor>true</noForegroundColor>
</sourceLabel>
<targetLabel class="oracle.dbtools.crest.model.design.Label">
<site>2</site>
<labelBounds x="973" y="530" width="18" height="30"/>
<noBackgroundColor>true</noBackgroundColor>
<noForegroundColor>true</noForegroundColor>
</targetLabel>
<points>
<point x="973" y="331"/>
<point x="973" y="574"/>
</points>
</Connector>
<Connector class="oracle.dbtools.crest.swingui.logical.TVRelation" oid="EC3A814C-7ECD-36B7-F49E-1AA25995524A" otype="Relation" vid_source="5F2EBB29-4E55-1CCA-6DF0-ED22DD2A5787" vid_target="D3FF6F9F-0EEC-9F07-2DE9-D8E9C0A8136A">
<hideElementsInCurrentOnly>false</hideElementsInCurrentOnly>
<backgroundColor>-16777216</backgroundColor>
<lineWidth>1</lineWidth>
<sourceLabel class="oracle.dbtools.crest.model.design.Label">
<site>0</site>
<labelBounds x="753" y="293" width="89" height="31"/>
<noBackgroundColor>true</noBackgroundColor>
<noForegroundColor>true</noForegroundColor>
</sourceLabel>
<targetLabel class="oracle.dbtools.crest.model.design.Label">
<site>2</site>
<labelBounds x="427" y="327" width="17" height="36"/>
<noBackgroundColor>true</noBackgroundColor>
<noForegroundColor>true</noForegroundColor>
</targetLabel>
<points>
<point x="848" y="324"/>
<point x="417" y="324"/>
</points>
</Connector>
</connectors>
</Diagram>
